version 1.00
760
[-0.092374,-2.46043,0.283][-0.06,-0.9811,0.184][0.224708,0.262631,0][-0.187504,-2.37401,0.574442][-0.1089,-0.9362,0.3341][0.231247,0.270196,0][-0.355838,-2.37401,0.488386][-0.2069,-0.9362,0.284][0.24282,0.270196,0][-0.355838,-2.37401,0.488386][-0.2069,-0.9362,0.284][0.24282,0.270196,0][-0.175304,-2.46043,0.240604][-0.114,-0.9811,0.1564][0.230409,0.262631,0][-0.092374,-2.46043,0.283][-0.06,-0.9811,0.184][0.224708,0.262631,0][0,-2.46043,0.297694][-0,-0.9811,0.1936][0.218357,0.262631,0][0,-2.37401,0.60427][-0,-0.9362,0.3514][0.218357,0.270196,0][-0.187504,-2.37401,0.574442][-0.1089,-0.9362,0.3341][0.231247,0.270196,0][-0.187504,-2.37401,0.574442][-0.1089,-0.9362,0.3341][0.231247,0.270196,0][-0.092374,-2.46043,0.283][-0.06,-0.9811,0.184][0.224708,0.262631,0][0,-2.46043,0.297694][-0,-0.9811,0.1936][0.218357,0.262631,0][-0.091612,-2.46043,-0.28325][-0.0596,-0.9811,-0.1841][0.762854,0.269923,0][-0.185956,-2.37401,-0.574946][-0.1082,-0.9362,-0.3343][0.769396,0.277487,0][-0,-2.37401,-0.60427][-0,-0.9362,-0.3514][0.756502,0.277487,0][-0,-2.37401,-0.60427][-0,-0.9362,-0.3514][0.756502,0.277487,0][-0,-2.46043,-0.297696][-0,-0.9811,-0.1935][0.756502,0.269923,0][-0.091612,-2.46043,-0.28325][-0.0596,-0.9811,-0.1841][0.762854,0.269923,0][-0.174656,-2.46043,-0.241076][-0.1135,-0.9811,-0.1568][0.768612,0.269923,0][-0.354522,-2.37401,-0.489344][-0.2061,-0.9362,-0.2846][0.781084,0.277487,0][-0.185956,-2.37401,-0.574946][-0.1083,-0.9362,-0.3343][0.769396,0.277487,0][-0.185956,-2.37401,-0.574946][-0.1083,-0.9362,-0.3343][0.769396,0.277487,0][-0.091612,-2.46043,-0.28325][-0.0596,-0.9811,-0.1841][0.762854,0.269923,0][-0.174656,-2.46043,-0.241076][-0.1135,-0.9811,-0.1568][0.768612,0.269923,0][-0.240606,-2.46043,-0.175306][-0.1564,-0.9811,-0.114][0.773185,0.269923,0][-0.488386,-2.37401,-0.35584][-0.284,-0.9362,-0.2069][0.790365,0.277487,0][-0.354522,-2.37401,-0.489344][-0.2062,-0.9362,-0.2846][0.781084,0.277487,0][-0.354522,-2.37401,-0.489344][-0.2062,-0.9362,-0.2846][0.781084,0.277487,0][-0.174656,-2.46043,-0.241076][-0.1136,-0.9811,-0.1567][0.768612,0.269923,0][-0.240606,-2.46043,-0.175306][-0.1564,-0.9811,-0.114][0.773185,0.269923,0][-0.283002,-2.46043,-0.092374][-0.184,-0.9811,-0.0601][0.776124,0.269923,0][-0.574442,-2.37401,-0.187504][-0.334,-0.9362,-0.1091][0.796332,0.277487,0][-0.488386,-2.37401,-0.35584][-0.284,-0.9362,-0.2069][0.790365,0.277487,0][-0.488386,-2.37401,-0.35584][-0.284,-0.9362,-0.2069][0.790365,0.277487,0][-0.240606,-2.46043,-0.175306][-0.1564,-0.9811,-0.114][0.773185,0.269923,0][-0.283002,-2.46043,-0.092374][-0.184,-0.9811,-0.0601][0.776124,0.269923,0][-0.297696,-2.46043,-0.000402][-0.1936,-0.9811,-0.0003][0.777143,0.269923,0][-0.60427,-2.37401,-0.000814][-0.3514,-0.9362,-0.0005][0.7984,0.277487,0][-0.574442,-2.37401,-0.187504][-0.3341,-0.9362,-0.109][0.796332,0.277487,0][-0.574442,-2.37401,-0.187504][-0.3341,-0.9362,-0.109][0.796332,0.277487,0][-0.283002,-2.46043,-0.092374][-0.184,-0.9811,-0.06][0.776124,0.269923,0][-0.297696,-2.46043,-0.000402][-0.1936,-0.9811,-0.0003][0.777143,0.269923,0][-0.283248,-2.46043,0.09161][-0.1842,-0.9811,0.0595][0.237829,0.262631,0][-0.574946,-2.37401,0.185954][-0.3344,-0.9362,0.1081][0.257882,0.270196,0][-0.60427,-2.37401,-0.000814][-0.3514,-0.9362,-0.0005][0.259898,0.270196,0][-0.60427,-2.37401,-0.000814][-0.3514,-0.9362,-0.0005][0.259898,0.270196,0][-0.297696,-2.46043,-0.000402][-0.1936,-0.9811,-0.0002][0.238823,0.262631,0][-0.283248,-2.46043,0.09161][-0.1842,-0.9811,0.0595][0.237829,0.262631,0][-0.241076,-2.46043,0.174656][-0.1568,-0.9811,0.1135][0.23493,0.262631,0][-0.489342,-2.37401,0.354522][-0.2846,-0.9362,0.2062][0.251998,0.270196,0][-0.574946,-2.37401,0.185954][-0.3343,-0.9362,0.1082][0.257882,0.270196,0][-0.574946,-2.37401,0.185954][-0.3343,-0.9362,0.1082][0.257882,0.270196,0][-0.283248,-2.46043,0.09161][-0.1842,-0.9811,0.0596][0.237829,0.262631,0][-0.241076,-2.46043,0.174656][-0.1568,-0.9811,0.1135][0.23493,0.262631,0][-0.175304,-2.46043,0.240604][-0.114,-0.9811,0.1564][0.230409,0.262631,0][-0.355838,-2.37401,0.488386][-0.2069,-0.9362,0.284][0.24282,0.270196,0][-0.489342,-2.37401,0.354522][-0.2846,-0.9362,0.2062][0.251998,0.270196,0][-0.489342,-2.37401,0.354522][-0.2846,-0.9362,0.2062][0.251998,0.270196,0][-0.241076,-2.46043,0.174656][-0.1567,-0.9811,0.1136][0.23493,0.262631,0][-0.175304,-2.46043,0.240604][-0.114,-0.9811,0.1564][0.230409,0.262631,0][-0.187504,-2.37401,0.574442][-0.109,-0.9362,0.3341][0.231247,0.270196,0][-0.283938,-2.23185,0.869884][-0.1514,-0.8726,0.4645][0.237877,0.28264,0][-0.53885,-2.23185,0.739568][-0.2876,-0.8726,0.3948][0.255401,0.28264,0][-0.53885,-2.23185,0.739568][-0.2876,-0.8726,0.3948][0.255401,0.28264,0][-0.355838,-2.37401,0.488386][-0.2069,-0.9362,0.2841][0.24282,0.270196,0][-0.187504,-2.37401,0.574442][-0.1089,-0.9362,0.3341][0.231247,0.270196,0][0,-2.37401,0.60427][-0,-0.9362,0.3515][0.218357,0.270196,0][0,-2.23185,0.91505][-0,-0.8725,0.4885][0.218357,0.28264,0][-0.283938,-2.23185,0.869884][-0.1514,-0.8726,0.4645][0.237877,0.28264,0][-0.283938,-2.23185,0.869884][-0.1514,-0.8726,0.4644][0.237877,0.28264,0][-0.187504,-2.37401,0.574442][-0.1089,-0.9362,0.3341][0.231247,0.270196,0][0,-2.37401,0.60427][-0,-0.9362,0.3515][0.218357,0.270196,0][-0.185956,-2.37401,-0.574946][-0.1082,-0.9362,-0.3344][0.769396,0.277487,0][-0.281596,-2.23185,-0.870646][-0.1505,-0.8726,-0.4648][0.776027,0.289931,0][-0,-2.23185,-0.915052][-0,-0.8726,-0.4885][0.756502,0.289931,0][-0,-2.23185,-0.915052][-0,-0.8726,-0.4885][0.756502,0.289931,0][-0,-2.37401,-0.60427][-0,-0.9362,-0.3514][0.756502,0.277487,0][-0.185956,-2.37401,-0.574946][-0.1082,-0.9362,-0.3344][0.769396,0.277487,0][-0.354522,-2.37401,-0.489344][-0.2062,-0.9362,-0.2846][0.781084,0.277487,0][-0.536856,-2.23185,-0.741016][-0.2866,-0.8726,-0.3956][0.793726,0.289931,0][-0.281596,-2.23185,-0.870646][-0.1505,-0.8726,-0.4647][0.776027,0.289931,0][-0.281596,-2.23185,-0.870646][-0.1505,-0.8726,-0.4647][0.776027,0.289931,0][-0.185956,-2.37401,-0.574946][-0.1083,-0.9362,-0.3343][0.769396,0.277487,0][-0.354522,-2.37401,-0.489344][-0.2062,-0.9362,-0.2846][0.781084,0.277487,0][-0.488386,-2.37401,-0.35584][-0.284,-0.9362,-0.2069][0.790365,0.277487,0][-0.739568,-2.23185,-0.538852][-0.3948,-0.8726,-0.2877][0.807781,0.289931,0][-0.536856,-2.23185,-0.741016][-0.2866,-0.8726,-0.3956][0.793726,0.289931,0][-0.536856,-2.23185,-0.741016][-0.2866,-0.8726,-0.3956][0.793726,0.289931,0][-0.354522,-2.37401,-0.489344][-0.2062,-0.9362,-0.2846][0.781084,0.277487,0][-0.488386,-2.37401,-0.35584][-0.284,-0.9362,-0.2069][0.790365,0.277487,0][-0.574442,-2.37401,-0.187504][-0.3341,-0.9362,-0.109][0.796332,0.277487,0][-0.869884,-2.23185,-0.283938][-0.4644,-0.8726,-0.1516][0.816817,0.289931,0][-0.739568,-2.23185,-0.538852][-0.3948,-0.8726,-0.2876][0.807781,0.289931,0][-0.739568,-2.23185,-0.538852][-0.3948,-0.8726,-0.2876][0.807781,0.289931,0][-0.488386,-2.37401,-0.35584][-0.284,-0.9362,-0.2069][0.790365,0.277487,0][-0.574442,-2.37401,-0.187504][-0.3341,-0.9362,-0.109][0.796332,0.277487,0][-0.60427,-2.37401,-0.000814][-0.3514,-0.9362,-0.0005][0.7984,0.277487,0][-0.91505,-2.23185,-0.001234][-0.4885,-0.8726,-0.0007][0.819949,0.289931,0][-0.869884,-2.23185,-0.283938][-0.4644,-0.8726,-0.1515][0.816817,0.289931,0][-0.869884,-2.23185,-0.283938][-0.4644,-0.8726,-0.1516][0.816817,0.289931,0][-0.574442,-2.37401,-0.187504][-0.3341,-0.9362,-0.109][0.796332,0.277487,0][-0.60427,-2.37401,-0.000814][-0.3514,-0.9362,-0.0005][0.7984,0.277487,0][-0.574946,-2.37401,0.185954][-0.3344,-0.9362,0.1081][0.257882,0.270196,0][-0.870646,-2.23185,0.281594][-0.4648,-0.8726,0.1503][0.27821,0.28264,0][-0.91505,-2.23185,-0.001234][-0.4885,-0.8726,-0.0006][0.281263,0.28264,0][-0.91505,-2.23185,-0.001234][-0.4885,-0.8726,-0.0007][0.281263,0.28264,0][-0.60427,-2.37401,-0.000814][-0.3514,-0.9362,-0.0005][0.259898,0.270196,0][-0.574946,-2.37401,0.185954][-0.3344,-0.9362,0.1081][0.257882,0.270196,0][-0.489342,-2.37401,0.354522][-0.2846,-0.9362,0.2062][0.251998,0.270196,0][-0.741016,-2.23185,0.536856][-0.3956,-0.8726,0.2866][0.269299,0.28264,0][-0.870646,-2.23185,0.281594][-0.4648,-0.8726,0.1503][0.27821,0.28264,0][-0.870646,-2.23185,0.281594][-0.4648,-0.8726,0.1503][0.27821,0.28264,0][-0.574946,-2.37401,0.185954][-0.3344,-0.9362,0.1082][0.257882,0.270196,0][-0.489342,-2.37401,0.354522][-0.2846,-0.9362,0.2062][0.251998,0.270196,0][-0.355838,-2.37401,0.488386][-0.2069,-0.9362,0.284][0.24282,0.270196,0][-0.53885,-2.23185,0.739568][-0.2877,-0.8726,0.3948][0.255401,0.28264,0][-0.741016,-2.23185,0.536856][-0.3956,-0.8726,0.2866][0.269299,0.28264,0][-0.741016,-2.23185,0.536856][-0.3956,-0.8726,0.2866][0.269299,0.28264,0][-0.489342,-2.37401,0.354522][-0.2846,-0.9362,0.2062][0.251998,0.270196,0][-0.355838,-2.37401,0.488386][-0.2069,-0.9362,0.284][0.24282,0.270196,0][-0.283938,-2.23185,0.869884][-0.1515,-0.8725,0.4645][0.237877,0.28264,0][-0.377188,-2.03549,1.15557][-0.1927,-0.7834,0.5909][0.244287,0.299828,0][-0.71582,-2.03549,0.982456][-0.366,-0.7834,0.5023][0.267567,0.299828,0][-0.71582,-2.03549,0.982456][-0.366,-0.7834,0.5023][0.267567,0.299828,0][-0.53885,-2.23185,0.739568][-0.2877,-0.8725,0.3949][0.255401,0.28264,0][-0.283938,-2.23185,0.869884][-0.1515,-0.8725,0.4645][0.237877,0.28264,0][0,-2.23185,0.91505][-0,-0.8725,0.4886][0.218357,0.28264,0][0,-2.03549,1.21557][-0,-0.7834,0.6215][0.218357,0.299828,0][-0.377188,-2.03549,1.15557][-0.1926,-0.7834,0.5909][0.244287,0.299828,0][-0.377188,-2.03549,1.15557][-0.1926,-0.7834,0.5909][0.244287,0.299828,0][-0.283938,-2.23185,0.869884][-0.1514,-0.8725,0.4645][0.237877,0.28264,0][0,-2.23185,0.91505][-0,-0.8725,0.4886][0.218357,0.28264,0][-0.281596,-2.23185,-0.870646][-0.1505,-0.8726,-0.4648][0.776027,0.289931,0][-0.374078,-2.03549,-1.15658][-0.1914,-0.7834,-0.5912][0.782439,0.30712,0][-0,-2.03549,-1.21557][-0,-0.7835,-0.6215][0.756502,0.30712,0][-0,-2.03549,-1.21557][-0,-0.7835,-0.6215][0.756502,0.30712,0][-0,-2.23185,-0.915052][-0,-0.8726,-0.4885][0.756502,0.289931,0][-0.281596,-2.23185,-0.870646][-0.1505,-0.8726,-0.4648][0.776027,0.289931,0][-0.536856,-2.23185,-0.741016][-0.2866,-0.8725,-0.3956][0.793726,0.289931,0][-0.71317,-2.03549,-0.984378][-0.3646,-0.7834,-0.5033][0.805951,0.30712,0][-0.374078,-2.03549,-1.15658][-0.1915,-0.7834,-0.5913][0.782439,0.30712,0][-0.374078,-2.03549,-1.15658][-0.1915,-0.7834,-0.5913][0.782439,0.30712,0][-0.281596,-2.23185,-0.870646][-0.1505,-0.8725,-0.4648][0.776027,0.289931,0][-0.536856,-2.23185,-0.741016][-0.2866,-0.8725,-0.3956][0.793726,0.289931,0][-0.739568,-2.23185,-0.538852][-0.3948,-0.8725,-0.2877][0.807781,0.289931,0][-0.982456,-2.03549,-0.715822][-0.5023,-0.7834,-0.366][0.824623,0.30712,0][-0.71317,-2.03549,-0.984378][-0.3646,-0.7834,-0.5033][0.805951,0.30712,0][-0.71317,-2.03549,-0.984378][-0.3646,-0.7834,-0.5033][0.805951,0.30712,0][-0.536856,-2.23185,-0.741016][-0.2866,-0.8725,-0.3956][0.793726,0.289931,0][-0.739568,-2.23185,-0.538852][-0.3948,-0.8725,-0.2877][0.807781,0.289931,0][-0.869884,-2.23185,-0.283938][-0.4644,-0.8725,-0.1516][0.816817,0.289931,0][-1.15557,-2.03549,-0.377188][-0.5908,-0.7834,-0.1929][0.836626,0.30712,0][-0.982456,-2.03549,-0.715822][-0.5023,-0.7834,-0.366][0.824623,0.30712,0][-0.982456,-2.03549,-0.715822][-0.5023,-0.7834,-0.366][0.824623,0.30712,0][-0.739568,-2.23185,-0.538852][-0.3949,-0.8725,-0.2877][0.807781,0.289931,0][-0.869884,-2.23185,-0.283938][-0.4644,-0.8725,-0.1516][0.816817,0.289931,0][-0.91505,-2.23185,-0.001234][-0.4885,-0.8725,-0.0007][0.819949,0.289931,0][-1.21557,-2.03549,-0.001638][-0.6215,-0.7834,-0.0009][0.840786,0.30712,0][-1.15557,-2.03549,-0.377188][-0.5908,-0.7834,-0.1928][0.836626,0.30712,0][-1.15557,-2.03549,-0.377188][-0.5908,-0.7834,-0.1928][0.836626,0.30712,0][-0.869884,-2.23185,-0.283938][-0.4644,-0.8725,-0.1516][0.816817,0.289931,0][-0.91505,-2.23185,-0.001234][-0.4885,-0.8725,-0.0007][0.819949,0.289931,0][-0.870646,-2.23185,0.281594][-0.4648,-0.8725,0.1503][0.27821,0.28264,0][-1.15658,-2.03549,0.374078][-0.5913,-0.7834,0.1912][0.297867,0.299829,0][-1.21557,-2.03549,-0.001638][-0.6215,-0.7834,-0.0008][0.301922,0.299829,0][-1.21557,-2.03549,-0.001638][-0.6215,-0.7834,-0.0008][0.301922,0.299829,0][-0.91505,-2.23185,-0.001234][-0.4885,-0.8725,-0.0006][0.281263,0.28264,0][-0.870646,-2.23185,0.281594][-0.4648,-0.8725,0.1503][0.27821,0.28264,0][-0.741016,-2.23185,0.536856][-0.3956,-0.8725,0.2866][0.269299,0.28264,0][-0.984378,-2.03549,0.713168][-0.5033,-0.7834,0.3646][0.286029,0.299828,0][-1.15658,-2.03549,0.374078][-0.5913,-0.7834,0.1913][0.297867,0.299829,0][-1.15658,-2.03549,0.374078][-0.5913,-0.7834,0.1913][0.297867,0.299829,0][-0.870646,-2.23185,0.281594][-0.4648,-0.8725,0.1504][0.27821,0.28264,0][-0.741016,-2.23185,0.536856][-0.3956,-0.8725,0.2866][0.269299,0.28264,0][-0.53885,-2.23185,0.739568][-0.2877,-0.8725,0.3948][0.255401,0.28264,0][-0.71582,-2.03549,0.982456][-0.366,-0.7834,0.5023][0.267567,0.299828,0][-0.984378,-2.03549,0.713168][-0.5033,-0.7834,0.3646][0.286029,0.299828,0][-0.984378,-2.03549,0.713168][-0.5033,-0.7834,0.3646][0.286029,0.299828,0][-0.741016,-2.23185,0.536856][-0.3956,-0.8725,0.2866][0.269299,0.28264,0][-0.53885,-2.23185,0.739568][-0.2877,-0.8725,0.3948][0.255401,0.28264,0][-0.377188,-2.03549,1.15557][-0.1927,-0.7834,0.5909][0.244287,0.299828,0][-0.46016,-1.78676,1.40976][-0.2318,-0.6642,0.7108][0.249991,0.321601,0][-0.873278,-1.78676,1.19857][-0.4402,-0.6642,0.6042][0.278391,0.321601,0][-0.873278,-1.78676,1.19857][-0.4402,-0.6642,0.6042][0.278391,0.321601,0][-0.71582,-2.03549,0.982456][-0.366,-0.7834,0.5023][0.267567,0.299828,0][-0.377188,-2.03549,1.15557][-0.1927,-0.7834,0.5909][0.244287,0.299828,0][0,-2.03549,1.21557][-0,-0.7834,0.6215][0.218357,0.299828,0][0,-1.78676,1.48296][-0,-0.6641,0.7476][0.218357,0.321601,0][-0.46016,-1.78676,1.40976][-0.2317,-0.6642,0.7108][0.249991,0.321601,0][-0.46016,-1.78676,1.40976][-0.2317,-0.6642,0.7108][0.249991,0.321601,0][-0.377188,-2.03549,1.15557][-0.1926,-0.7834,0.5909][0.244287,0.299828,0][0,-2.03549,1.21557][-0,-0.7834,0.6215][0.218357,0.299828,0][-0.374078,-2.03549,-1.15658][-0.1915,-0.7834,-0.5913][0.782439,0.30712,0][-0.456362,-1.78676,-1.411][-0.2303,-0.6642,-0.7112][0.788145,0.328892,0][-0,-1.78676,-1.48296][-0,-0.6642,-0.7475][0.756502,0.328892,0][-0,-1.78676,-1.48296][-0,-0.6642,-0.7475][0.756502,0.328892,0][-0,-2.03549,-1.21557][-0,-0.7834,-0.6215][0.756502,0.30712,0][-0.374078,-2.03549,-1.15658][-0.1914,-0.7834,-0.5913][0.782439,0.30712,0][-0.71317,-2.03549,-0.984378][-0.3646,-0.7834,-0.5033][0.805951,0.30712,0][-0.870046,-1.78676,-1.20091][-0.4386,-0.6642,-0.6054][0.816829,0.328892,0][-0.456362,-1.78676,-1.411][-0.2303,-0.6642,-0.7112][0.788145,0.328892,0][-0.456362,-1.78676,-1.411][-0.2303,-0.6642,-0.7112][0.788145,0.328892,0][-0.374078,-2.03549,-1.15658][-0.1915,-0.7834,-0.5913][0.782439,0.30712,0][-0.71317,-2.03549,-0.984378][-0.3646,-0.7834,-0.5033][0.805951,0.30712,0][-0.982456,-2.03549,-0.715822][-0.5023,-0.7834,-0.366][0.824623,0.30712,0][-1.19857,-1.78676,-0.873278][-0.6042,-0.6642,-0.4403][0.839607,0.328892,0][-0.870046,-1.78676,-1.20091][-0.4386,-0.6642,-0.6054][0.816829,0.328892,0][-0.870046,-1.78676,-1.20091][-0.4386,-0.6642,-0.6054][0.816829,0.328892,0][-0.71317,-2.03549,-0.984378][-0.3646,-0.7834,-0.5033][0.805951,0.30712,0][-0.982456,-2.03549,-0.715822][-0.5023,-0.7834,-0.366][0.824623,0.30712,0][-1.15557,-2.03549,-0.377188][-0.5908,-0.7834,-0.1929][0.836626,0.30712,0][-1.40976,-1.78676,-0.46016][-0.7107,-0.6642,-0.232][0.854251,0.328892,0][-1.19857,-1.78676,-0.873278][-0.6042,-0.6642,-0.4402][0.839607,0.328892,0][-1.19857,-1.78676,-0.873278][-0.6042,-0.6642,-0.4402][0.839607,0.328892,0][-0.982456,-2.03549,-0.715822][-0.5023,-0.7834,-0.366][0.824623,0.30712,0][-1.15557,-2.03549,-0.377188][-0.5908,-0.7834,-0.1929][0.836626,0.30712,0][-1.21557,-2.03549,-0.001638][-0.6215,-0.7834,-0.0009][0.840786,0.30712,0][-1.48296,-1.78676,-0.001996][-0.7476,-0.6642,-0.001][0.859326,0.328892,0][-1.40976,-1.78676,-0.46016][-0.7107,-0.6642,-0.2319][0.854251,0.328892,0][-1.40976,-1.78676,-0.46016][-0.7107,-0.6642,-0.2319][0.854251,0.328892,0][-1.15557,-2.03549,-0.377188][-0.5908,-0.7834,-0.1928][0.836626,0.30712,0][-1.21557,-2.03549,-0.001638][-0.6215,-0.7834,-0.0009][0.840786,0.30712,0][-1.15658,-2.03549,0.374078][-0.5914,-0.7834,0.1912][0.297867,0.299829,0][-1.411,-1.78676,0.456362][-0.7113,-0.6642,0.23][0.315357,0.321601,0][-1.48296,-1.78676,-0.001996][-0.7476,-0.6642,-0.001][0.320304,0.321601,0][-1.48296,-1.78676,-0.001996][-0.7476,-0.6642,-0.001][0.320304,0.321601,0][-1.21557,-2.03549,-0.001638][-0.6215,-0.7834,-0.0008][0.301922,0.299829,0][-1.15658,-2.03549,0.374078][-0.5914,-0.7834,0.1912][0.297867,0.299829,0][-0.984378,-2.03549,0.713168][-0.5033,-0.7834,0.3646][0.286029,0.299828,0][-1.20091,-1.78676,0.870046][-0.6054,-0.6642,0.4386][0.300915,0.321601,0][-1.411,-1.78676,0.456362][-0.7113,-0.6642,0.2301][0.315357,0.321601,0][-1.411,-1.78676,0.456362][-0.7113,-0.6642,0.2301][0.315357,0.321601,0][-1.15658,-2.03549,0.374078][-0.5913,-0.7834,0.1913][0.297867,0.299829,0][-0.984378,-2.03549,0.713168][-0.5033,-0.7834,0.3646][0.286029,0.299828,0][-0.71582,-2.03549,0.982456][-0.366,-0.7834,0.5023][0.267567,0.299828,0][-0.873278,-1.78676,1.19857][-0.4403,-0.6642,0.6042][0.278391,0.321601,0][-1.20091,-1.78676,0.870046][-0.6054,-0.6642,0.4386][0.300915,0.321601,0][-1.20091,-1.78676,0.870046][-0.6054,-0.6642,0.4386][0.300915,0.321601,0][-0.984378,-2.03549,0.713168][-0.5033,-0.7834,0.3646][0.286029,0.299828,0][-0.71582,-2.03549,0.982456][-0.366,-0.7834,0.5023][0.267567,0.299828,0][-0.46016,-1.78676,1.40976][-0.2318,-0.6641,0.7108][0.249991,0.321601,0][-0.52923,-1.48964,1.62138][-0.2667,-0.5095,0.8181][0.25474,0.347609,0][-1.00436,-1.48964,1.37848][-0.5067,-0.5096,0.6954][0.287403,0.347609,0][-1.00436,-1.48964,1.37848][-0.5067,-0.5096,0.6954][0.287403,0.347609,0][-0.873278,-1.78676,1.19857][-0.4402,-0.6641,0.6043][0.278391,0.321601,0][-0.46016,-1.78676,1.40976][-0.2318,-0.6641,0.7108][0.249991,0.321601,0][0,-1.78676,1.48296][-0,-0.6641,0.7476][0.218357,0.321601,0][0,-1.48964,1.70557][-0,-0.5096,0.8604][0.218357,0.347609,0][-0.52923,-1.48964,1.62138][-0.2667,-0.5096,0.8181][0.25474,0.347609,0][-0.52923,-1.48964,1.62138][-0.2667,-0.5096,0.818][0.25474,0.347609,0][-0.46016,-1.78676,1.40976][-0.2317,-0.6642,0.7108][0.249991,0.321601,0][0,-1.78676,1.48296][-0,-0.6641,0.7476][0.218357,0.321601,0][-0.456362,-1.78676,-1.411][-0.2303,-0.6642,-0.7112][0.788145,0.328892,0][-0.524864,-1.48964,-1.6228][-0.265,-0.5096,-0.8186][0.792895,0.354901,0][-0,-1.48964,-1.70557][-0,-0.5096,-0.8604][0.756502,0.354901,0][-0,-1.48964,-1.70557][-0,-0.5096,-0.8604][0.756502,0.354901,0][-0,-1.78676,-1.48296][-0,-0.6642,-0.7476][0.756502,0.328892,0][-0.456362,-1.78676,-1.411][-0.2303,-0.6642,-0.7112][0.788145,0.328892,0][-0.870046,-1.78676,-1.20091][-0.4386,-0.6641,-0.6054][0.816829,0.328892,0][-1.00064,-1.48964,-1.38118][-0.5048,-0.5096,-0.6968][0.825884,0.354901,0][-0.524864,-1.48964,-1.6228][-0.2651,-0.5096,-0.8186][0.792895,0.354901,0][-0.524864,-1.48964,-1.6228][-0.2651,-0.5096,-0.8186][0.792895,0.354901,0][-0.456362,-1.78676,-1.411][-0.2303,-0.6642,-0.7112][0.788145,0.328892,0][-0.870046,-1.78676,-1.20091][-0.4386,-0.6642,-0.6054][0.816829,0.328892,0][-1.19857,-1.78676,-0.873278][-0.6042,-0.6641,-0.4403][0.839607,0.328892,0][-1.37848,-1.48964,-1.00437][-0.6954,-0.5096,-0.5067][0.852082,0.354901,0][-1.00064,-1.48964,-1.38118][-0.5048,-0.5096,-0.6968][0.825884,0.354901,0][-1.00064,-1.48964,-1.38118][-0.5048,-0.5096,-0.6968][0.825884,0.354901,0][-0.870046,-1.78676,-1.20091][-0.4386,-0.6642,-0.6054][0.816829,0.328892,0][-1.19857,-1.78676,-0.873278][-0.6042,-0.6641,-0.4403][0.839607,0.328892,0][-1.40976,-1.78676,-0.46016][-0.7107,-0.6642,-0.232][0.854251,0.328892,0][-1.62138,-1.48964,-0.52923][-0.818,-0.5096,-0.267][0.868924,0.354901,0][-1.37848,-1.48964,-1.00437][-0.6954,-0.5096,-0.5067][0.852082,0.354901,0][-1.37848,-1.48964,-1.00437][-0.6954,-0.5096,-0.5067][0.852082,0.354901,0][-1.19857,-1.78676,-0.873278][-0.6043,-0.6641,-0.4402][0.839607,0.328892,0][-1.40976,-1.78676,-0.46016][-0.7107,-0.6642,-0.232][0.854251,0.328892,0][-1.48296,-1.78676,-0.001996][-0.7476,-0.6642,-0.001][0.859326,0.328892,0][-1.70557,-1.48964,-0.0023][-0.8604,-0.5096,-0.0012][0.874761,0.354901,0][-1.62138,-1.48964,-0.52923][-0.818,-0.5096,-0.267][0.868924,0.354901,0][-1.62138,-1.48964,-0.52923][-0.818,-0.5096,-0.267][0.868924,0.354901,0][-1.40976,-1.78676,-0.46016][-0.7107,-0.6642,-0.2319][0.854251,0.328892,0][-1.48296,-1.78676,-0.001996][-0.7476,-0.6642,-0.001][0.859326,0.328892,0][-1.411,-1.78676,0.456362][-0.7113,-0.6641,0.23][0.315357,0.321601,0][-1.6228,-1.48964,0.524864][-0.8187,-0.5096,0.2648][0.329918,0.347609,0][-1.70557,-1.48964,-0.0023][-0.8604,-0.5096,-0.0011][0.335608,0.347609,0][-1.70557,-1.48964,-0.0023][-0.8604,-0.5096,-0.0011][0.335608,0.347609,0][-1.48296,-1.78676,-0.001996][-0.7476,-0.6642,-0.001][0.320304,0.321601,0][-1.411,-1.78676,0.456362][-0.7113,-0.6641,0.23][0.315357,0.321601,0][-1.20091,-1.78676,0.870046][-0.6054,-0.6642,0.4386][0.300915,0.321601,0][-1.38118,-1.48964,1.00064][-0.6968,-0.5096,0.5048][0.313307,0.347609,0][-1.6228,-1.48964,0.524864][-0.8187,-0.5096,0.2648][0.329918,0.347609,0][-1.6228,-1.48964,0.524864][-0.8187,-0.5096,0.2648][0.329918,0.347609,0][-1.411,-1.78676,0.456362][-0.7113,-0.6642,0.2301][0.315357,0.321601,0][-1.20091,-1.78676,0.870046][-0.6054,-0.6642,0.4386][0.300915,0.321601,0][-0.873278,-1.78676,1.19857][-0.4403,-0.6641,0.6042][0.278391,0.321601,0][-1.00436,-1.48964,1.37848][-0.5067,-0.5096,0.6954][0.287403,0.347609,0][-1.38118,-1.48964,1.00064][-0.6968,-0.5096,0.5048][0.313307,0.347609,0][-1.38118,-1.48964,1.00064][-0.6968,-0.5096,0.5048][0.313307,0.347609,0][-1.20091,-1.78676,0.870046][-0.6054,-0.6642,0.4386][0.300915,0.321601,0][-0.873278,-1.78676,1.19857][-0.4403,-0.6641,0.6042][0.278391,0.321601,0][-0.52923,-1.48964,1.62138][-0.2668,-0.5095,0.8181][0.25474,0.347609,0][-0.5778,-1.15434,1.77018][-0.2925,-0.3318,0.8969][0.258078,0.37696,0][-1.09654,-1.15434,1.50499][-0.5555,-0.3318,0.7624][0.29374,0.37696,0][-1.09654,-1.15434,1.50499][-0.5555,-0.3318,0.7624][0.29374,0.37696,0][-1.00436,-1.48964,1.37848][-0.5066,-0.5095,0.6955][0.287403,0.347609,0][-0.52923,-1.48964,1.62138][-0.2668,-0.5095,0.8181][0.25474,0.347609,0][0,-1.48964,1.70557][-0,-0.5095,0.8605][0.218357,0.347609,0][0,-1.15434,1.86209][-0,-0.3318,0.9433][0.218357,0.37696,0][-0.5778,-1.15434,1.77018][-0.2924,-0.3318,0.8969][0.258078,0.37696,0][-0.5778,-1.15434,1.77018][-0.2924,-0.3318,0.8969][0.258078,0.37696,0][-0.52923,-1.48964,1.62138][-0.2667,-0.5095,0.8181][0.25474,0.347609,0][0,-1.48964,1.70557][-0,-0.5095,0.8605][0.218357,0.347609,0][-0.524864,-1.48964,-1.6228][-0.265,-0.5095,-0.8186][0.792895,0.354901,0][-0.573032,-1.15434,-1.77172][-0.2906,-0.3319,-0.8975][0.796234,0.384251,0][-0,-1.15434,-1.86209][-0,-0.3318,-0.9433][0.756502,0.384251,0][-0,-1.15434,-1.86209][-0,-0.3318,-0.9433][0.756502,0.384251,0][-0,-1.48964,-1.70557][-0,-0.5096,-0.8604][0.756502,0.354901,0][-0.524864,-1.48964,-1.6228][-0.265,-0.5095,-0.8186][0.792895,0.354901,0][-1.00064,-1.48964,-1.38118][-0.5048,-0.5095,-0.6968][0.825884,0.354901,0][-1.09248,-1.15434,-1.50794][-0.5534,-0.3319,-0.7639][0.832252,0.384251,0][-0.573032,-1.15434,-1.77172][-0.2906,-0.3319,-0.8974][0.796234,0.384251,0][-0.573032,-1.15434,-1.77172][-0.2906,-0.3319,-0.8974][0.796234,0.384251,0][-0.524864,-1.48964,-1.6228][-0.2651,-0.5095,-0.8186][0.792895,0.354901,0][-1.00064,-1.48964,-1.38118][-0.5048,-0.5095,-0.6968][0.825884,0.354901,0][-1.37848,-1.48964,-1.00437][-0.6954,-0.5095,-0.5067][0.852082,0.354901,0][-1.50498,-1.15434,-1.09654][-0.7624,-0.3318,-0.5555][0.860853,0.384251,0][-1.09248,-1.15434,-1.50794][-0.5535,-0.3318,-0.7639][0.832252,0.384251,0][-1.09248,-1.15434,-1.50794][-0.5535,-0.3318,-0.7639][0.832252,0.384251,0][-1.00064,-1.48964,-1.38118][-0.5049,-0.5095,-0.6968][0.825884,0.354901,0][-1.37848,-1.48964,-1.00437][-0.6954,-0.5095,-0.5067][0.852082,0.354901,0][-1.62138,-1.48964,-0.52923][-0.818,-0.5095,-0.267][0.868924,0.354901,0][-1.77018,-1.15434,-0.5778][-0.8968,-0.3318,-0.2927][0.879241,0.384251,0][-1.50498,-1.15434,-1.09654][-0.7624,-0.3318,-0.5555][0.860853,0.384251,0][-1.50498,-1.15434,-1.09654][-0.7624,-0.3318,-0.5555][0.860853,0.384251,0][-1.37848,-1.48964,-1.00437][-0.6955,-0.5095,-0.5067][0.852082,0.354901,0][-1.62138,-1.48964,-0.52923][-0.818,-0.5095,-0.267][0.868924,0.354901,0][-1.70557,-1.48964,-0.0023][-0.8604,-0.5095,-0.0012][0.874761,0.354901,0][-1.86209,-1.15434,-0.00251][-0.9433,-0.3318,-0.0013][0.885614,0.384251,0][-1.77018,-1.15434,-0.5778][-0.8968,-0.3318,-0.2927][0.879241,0.384251,0][-1.77018,-1.15434,-0.5778][-0.8968,-0.3318,-0.2927][0.879241,0.384251,0][-1.62138,-1.48964,-0.52923][-0.818,-0.5096,-0.267][0.868924,0.354901,0][-1.70557,-1.48964,-0.0023][-0.8604,-0.5095,-0.0012][0.874761,0.354901,0][-1.6228,-1.48964,0.524864][-0.8187,-0.5095,0.2648][0.329918,0.347609,0][-1.77172,-1.15434,0.573032][-0.8976,-0.3318,0.2902][0.340155,0.37696,0][-1.86209,-1.15434,-0.00251][-0.9433,-0.3318,-0.0012][0.346368,0.37696,0][-1.86209,-1.15434,-0.00251][-0.9433,-0.3318,-0.0012][0.346368,0.37696,0][-1.70557,-1.48964,-0.0023][-0.8604,-0.5095,-0.0011][0.335608,0.347609,0][-1.6228,-1.48964,0.524864][-0.8187,-0.5095,0.2648][0.329918,0.347609,0][-1.38118,-1.48964,1.00064][-0.6968,-0.5095,0.5048][0.313307,0.347609,0][-1.50794,-1.15434,1.09248][-0.7639,-0.3319,0.5534][0.322022,0.37696,0][-1.77172,-1.15434,0.573032][-0.8976,-0.3318,0.2903][0.340155,0.37696,0][-1.77172,-1.15434,0.573032][-0.8976,-0.3318,0.2903][0.340155,0.37696,0][-1.6228,-1.48964,0.524864][-0.8187,-0.5095,0.2648][0.329918,0.347609,0][-1.38118,-1.48964,1.00064][-0.6968,-0.5095,0.5048][0.313307,0.347609,0][-1.00436,-1.48964,1.37848][-0.5067,-0.5095,0.6954][0.287403,0.347609,0][-1.09654,-1.15434,1.50499][-0.5555,-0.3319,0.7624][0.29374,0.37696,0][-1.50794,-1.15434,1.09248][-0.7639,-0.3318,0.5535][0.322022,0.37696,0][-1.50794,-1.15434,1.09248][-0.7639,-0.3319,0.5535][0.322022,0.37696,0][-1.38118,-1.48964,1.00064][-0.6968,-0.5095,0.5049][0.313307,0.347609,0][-1.00436,-1.48964,1.37848][-0.5067,-0.5095,0.6954][0.287403,0.347609,0][-0.5778,-1.15434,1.77018][-0.2924,-0.3318,0.8969][0.258078,0.37696,0][-0.606104,-0.791014,1.8569][-0.3066,-0.1482,0.9402][0.260024,0.408764,0][-1.15026,-0.791014,1.57871][-0.5823,-0.1481,0.7993][0.297433,0.408764,0][-1.15026,-0.791014,1.57871][-0.5823,-0.1482,0.7993][0.297433,0.408764,0][-1.09654,-1.15434,1.50499][-0.5555,-0.3318,0.7625][0.29374,0.37696,0][-0.5778,-1.15434,1.77018][-0.2924,-0.3318,0.8969][0.258078,0.37696,0][0,-1.15434,1.86209][-0,-0.3318,0.9434][0.218357,0.37696,0][0,-0.791014,1.95331][-0,-0.1481,0.989][0.218357,0.408764,0][-0.606104,-0.791014,1.8569][-0.3065,-0.1481,0.9403][0.260024,0.408764,0][-0.606104,-0.791014,1.8569][-0.3065,-0.1481,0.9403][0.260024,0.408764,0][-0.5778,-1.15434,1.77018][-0.2924,-0.3318,0.8969][0.258078,0.37696,0][0,-1.15434,1.86209][-0,-0.3318,0.9434][0.218357,0.37696,0][-0.573032,-1.15434,-1.77172][-0.2906,-0.3318,-0.8975][0.796234,0.384251,0][-0.601106,-0.791014,-1.85852][-0.3046,-0.1481,-0.9409][0.798181,0.416055,0][-0,-0.791014,-1.95331][-0,-0.1481,-0.989][0.756502,0.416055,0][-0,-0.791014,-1.95331][-0,-0.1481,-0.989][0.756502,0.416055,0][-0,-1.15434,-1.86209][-0.0001,-0.3318,-0.9434][0.756502,0.384251,0][-0.573032,-1.15434,-1.77172][-0.2906,-0.3318,-0.8975][0.796234,0.384251,0][-1.09248,-1.15434,-1.50794][-0.5534,-0.3318,-0.764][0.832252,0.384251,0][-1.146,-0.791014,-1.58181][-0.5802,-0.1481,-0.8009][0.835962,0.416055,0][-0.601106,-0.791014,-1.85852][-0.3047,-0.1482,-0.9409][0.798181,0.416055,0][-0.601106,-0.791014,-1.85852][-0.3047,-0.1482,-0.9409][0.798181,0.416055,0][-0.573032,-1.15434,-1.77172][-0.2906,-0.3318,-0.8975][0.796234,0.384251,0][-1.09248,-1.15434,-1.50794][-0.5534,-0.3318,-0.764][0.832252,0.384251,0][-1.50498,-1.15434,-1.09654][-0.7624,-0.3318,-0.5555][0.860853,0.384251,0][-1.57871,-0.791014,-1.15026][-0.7993,-0.1482,-0.5824][0.865965,0.416055,0][-1.146,-0.791014,-1.58181][-0.5802,-0.1481,-0.8009][0.835962,0.416055,0][-1.146,-0.791014,-1.58181][-0.5802,-0.1481,-0.8009][0.835962,0.416055,0][-1.09248,-1.15434,-1.50794][-0.5535,-0.3318,-0.7639][0.832252,0.384251,0][-1.50498,-1.15434,-1.09654][-0.7624,-0.3318,-0.5555][0.860853,0.384251,0][-1.77018,-1.15434,-0.5778][-0.8968,-0.3318,-0.2927][0.879241,0.384251,0][-1.8569,-0.791014,-0.606104][-0.9401,-0.1481,-0.3069][0.885254,0.416055,0][-1.57871,-0.791014,-1.15026][-0.7993,-0.1482,-0.5823][0.865965,0.416055,0][-1.57871,-0.791014,-1.15026][-0.7993,-0.1482,-0.5823][0.865965,0.416055,0][-1.50498,-1.15434,-1.09654][-0.7625,-0.3318,-0.5555][0.860853,0.384251,0][-1.77018,-1.15434,-0.5778][-0.8968,-0.3318,-0.2928][0.879241,0.384251,0][-1.86209,-1.15434,-0.00251][-0.9434,-0.3318,-0.0013][0.885614,0.384251,0][-1.95331,-0.791014,-0.002634][-0.989,-0.1482,-0.0014][0.891939,0.416055,0][-1.8569,-0.791014,-0.606104][-0.9402,-0.1482,-0.3068][0.885254,0.416055,0][-1.8569,-0.791014,-0.606104][-0.9402,-0.1481,-0.3068][0.885254,0.416055,0][-1.77018,-1.15434,-0.5778][-0.8968,-0.3318,-0.2927][0.879241,0.384251,0][-1.86209,-1.15434,-0.00251][-0.9433,-0.3318,-0.0013][0.885614,0.384251,0][-1.77172,-1.15434,0.573032][-0.8976,-0.3318,0.2903][0.340155,0.37696,0][-1.85852,-0.791014,0.601106][-0.941,-0.1481,0.3043][0.346122,0.408764,0][-1.95331,-0.791014,-0.002634][-0.989,-0.1481,-0.0013][0.352639,0.408764,0][-1.95331,-0.791014,-0.002634][-0.989,-0.1481,-0.0013][0.352639,0.408764,0][-1.86209,-1.15434,-0.00251][-0.9434,-0.3318,-0.0012][0.346368,0.37696,0][-1.77172,-1.15434,0.573032][-0.8976,-0.3318,0.2903][0.340155,0.37696,0][-1.50794,-1.15434,1.09248][-0.764,-0.3318,0.5534][0.322022,0.37696,0][-1.58181,-0.791014,1.146][-0.8009,-0.1481,0.5802][0.3271,0.408764,0][-1.85852,-0.791014,0.601106][-0.941,-0.1482,0.3044][0.346122,0.408764,0][-1.85852,-0.791014,0.601106][-0.941,-0.1482,0.3044][0.346122,0.408764,0][-1.77172,-1.15434,0.573032][-0.8976,-0.3318,0.2903][0.340155,0.37696,0][-1.50794,-1.15434,1.09248][-0.764,-0.3318,0.5534][0.322022,0.37696,0][-1.09654,-1.15434,1.50499][-0.5555,-0.3318,0.7624][0.29374,0.37696,0][-1.15026,-0.791014,1.57871][-0.5824,-0.1481,0.7993][0.297433,0.408764,0][-1.58181,-0.791014,1.146][-0.8008,-0.1481,0.5803][0.3271,0.408764,0][-1.58181,-0.791014,1.146][-0.8008,-0.1481,0.5803][0.3271,0.408764,0][-1.50794,-1.15434,1.09248][-0.7639,-0.3318,0.5535][0.322022,0.37696,0][-1.09654,-1.15434,1.50499][-0.5555,-0.3318,0.7624][0.29374,0.37696,0][-0.606104,-0.791014,1.8569][-0.3066,-0.1481,0.9402][0.260024,0.408764,0][-0.612554,-0.407572,1.87666][-0.31,-0.0046,0.9507][0.260468,0.442328,0][-1.1625,-0.407572,1.59552][-0.5888,-0.0046,0.8082][0.298274,0.442328,0][-1.1625,-0.407572,1.59552][-0.5888,-0.0046,0.8082][0.298274,0.442328,0][-1.15026,-0.791014,1.57871][-0.5824,-0.1481,0.7993][0.297433,0.408764,0][-0.606104,-0.791014,1.8569][-0.3066,-0.1481,0.9403][0.260024,0.408764,0][0,-0.791014,1.95331][-0,-0.1481,0.989][0.218357,0.408764,0][0,-0.407572,1.97409][-0,-0.0047,1][0.218357,0.442328,0][-0.612554,-0.407572,1.87666][-0.3099,-0.0046,0.9507][0.260468,0.442328,0][-0.612554,-0.407572,1.87666][-0.3099,-0.0046,0.9507][0.260468,0.442328,0][-0.606104,-0.791014,1.8569][-0.3065,-0.1481,0.9403][0.260024,0.408764,0][0,-0.791014,1.95331][-0,-0.1481,0.989][0.218357,0.408764,0][-0.601106,-0.791014,-1.85852][-0.3046,-0.1481,-0.9409][0.798181,0.416055,0][-0.6075,-0.407572,-1.8783][-0.308,-0.0046,-0.9514][0.798624,0.449619,0][-0,-0.407572,-1.97409][-0.0001,-0.0047,-1][0.756502,0.449619,0][-0,-0.407572,-1.97409][-0,-0.0046,-1][0.756502,0.449619,0][-0,-0.791014,-1.95331][-0,-0.1481,-0.989][0.756502,0.416055,0][-0.601106,-0.791014,-1.85852][-0.3046,-0.1481,-0.9409][0.798181,0.416055,0][-1.146,-0.791014,-1.58181][-0.5802,-0.1481,-0.8009][0.835962,0.416055,0][-1.15819,-0.407572,-1.59864][-0.5867,-0.0046,-0.8098][0.836808,0.449619,0][-0.6075,-0.407572,-1.8783][-0.3081,-0.0046,-0.9514][0.798624,0.449619,0][-0.6075,-0.407572,-1.8783][-0.3081,-0.0046,-0.9513][0.798624,0.449619,0][-0.601106,-0.791014,-1.85852][-0.3047,-0.1481,-0.9409][0.798181,0.416055,0][-1.146,-0.791014,-1.58181][-0.5802,-0.1481,-0.8009][0.835962,0.416055,0][-1.57871,-0.791014,-1.15026][-0.7993,-0.1481,-0.5824][0.865965,0.416055,0][-1.59552,-0.407572,-1.1625][-0.8082,-0.0046,-0.5889][0.867131,0.449619,0][-1.15819,-0.407572,-1.59864][-0.5867,-0.0046,-0.8098][0.836808,0.449619,0][-1.15819,-0.407572,-1.59864][-0.5867,-0.0046,-0.8098][0.836808,0.449619,0][-1.146,-0.791014,-1.58181][-0.5803,-0.1481,-0.8008][0.835962,0.416055,0][-1.57871,-0.791014,-1.15026][-0.7993,-0.1481,-0.5824][0.865965,0.416055,0][-1.8569,-0.791014,-0.606104][-0.9401,-0.1481,-0.3069][0.885254,0.416055,0][-1.87666,-0.407572,-0.612554][-0.9506,-0.0046,-0.3103][0.886625,0.449619,0][-1.59552,-0.407572,-1.1625][-0.8082,-0.0046,-0.5888][0.867131,0.449619,0][-1.59552,-0.407572,-1.1625][-0.8082,-0.0046,-0.5888][0.867131,0.449619,0][-1.57871,-0.791014,-1.15026][-0.7993,-0.1481,-0.5824][0.865965,0.416055,0][-1.8569,-0.791014,-0.606104][-0.9401,-0.1481,-0.3069][0.885254,0.416055,0][-1.95331,-0.791014,-0.002634][-0.989,-0.1481,-0.0014][0.891939,0.416055,0][-1.97409,-0.407572,-0.002662][-1,-0.0046,-0.0014][0.89338,0.449619,0][-1.87666,-0.407572,-0.612554][-0.9506,-0.0046,-0.3102][0.886625,0.449619,0][-1.87666,-0.407572,-0.612554][-0.9506,-0.0046,-0.3102][0.886625,0.449619,0][-1.8569,-0.791014,-0.606104][-0.9402,-0.1481,-0.3068][0.885254,0.416055,0][-1.95331,-0.791014,-0.002634][-0.989,-0.1481,-0.0014][0.891939,0.416055,0][-1.85852,-0.791014,0.601106][-0.941,-0.1481,0.3043][0.346122,0.408764,0][-1.8783,-0.407572,0.6075][-0.9515,-0.0046,0.3077][0.347482,0.442328,0][-1.97409,-0.407572,-0.002662][-1,-0.0046,-0.0013][0.354067,0.442328,0][-1.97409,-0.407572,-0.002662][-1,-0.0046,-0.0013][0.354067,0.442328,0][-1.95331,-0.791014,-0.002634][-0.989,-0.1481,-0.0013][0.352639,0.408764,0][-1.85852,-0.791014,0.601106][-0.941,-0.1481,0.3043][0.346122,0.408764,0][-1.58181,-0.791014,1.146][-0.8009,-0.1481,0.5802][0.3271,0.408764,0][-1.59864,-0.407572,1.15819][-0.8098,-0.0046,0.5867][0.328257,0.442328,0][-1.8783,-0.407572,0.6075][-0.9514,-0.0046,0.3078][0.347482,0.442328,0][-1.8783,-0.407572,0.6075][-0.9514,-0.0046,0.3078][0.347482,0.442328,0][-1.85852,-0.791014,0.601106][-0.941,-0.1481,0.3044][0.346122,0.408764,0][-1.58181,-0.791014,1.146][-0.8009,-0.1481,0.5802][0.3271,0.408764,0][-1.15026,-0.791014,1.57871][-0.5824,-0.1481,0.7993][0.297433,0.408764,0][-1.1625,-0.407572,1.59552][-0.5889,-0.0046,0.8082][0.298274,0.442328,0][-1.59864,-0.407572,1.15819][-0.8098,-0.0046,0.5867][0.328257,0.442328,0][-1.59864,-0.407572,1.15819][-0.8098,-0.0046,0.5867][0.328257,0.442328,0][-1.58181,-0.791014,1.146][-0.8008,-0.1481,0.5803][0.3271,0.408764,0][-1.15026,-0.791014,1.57871][-0.5824,-0.1481,0.7993][0.297433,0.408764,0][-0.607112,-0.016588,1.85997][-0.3086,0.0955,0.9464][0.260094,0.476553,0][-0.589036,0.375452,1.80461][-0.3049,0.1813,0.935][0.258851,0.51087,0][-1.11787,0.375452,1.53426][-0.5791,0.1813,0.7948][0.295206,0.51087,0][-1.11787,0.375452,1.53426][-0.5791,0.1813,0.7948][0.295206,0.51087,0][-1.15216,-0.016588,1.58132][-0.5862,0.0956,0.8045][0.297563,0.476553,0][-0.607112,-0.016588,1.85997][-0.3086,0.0955,0.9464][0.260094,0.476553,0][0,-0.016588,1.95655][-0,0.0955,0.9954][0.218357,0.476553,0][0,0.375452,1.8983][-0,0.1813,0.9834][0.218357,0.51087,0][-0.589036,0.375452,1.80461][-0.3048,0.1813,0.935][0.258851,0.51087,0][-0.589036,0.375452,1.80461][-0.3048,0.1813,0.935][0.258851,0.51087,0][-0.607112,-0.016588,1.85997][-0.3085,0.0955,0.9464][0.260094,0.476553,0][0,-0.016588,1.95655][-0,0.0955,0.9954][0.218357,0.476553,0][-0.602096,-0.016588,-1.86159][-0.3066,0.0955,-0.947][0.79825,0.483844,0][-0.584178,0.375452,-1.80619][-0.3029,0.1813,-0.9356][0.797007,0.518161,0][-0,0.375452,-1.8983][-0,0.1813,-0.9834][0.756502,0.518161,0][-0,0.375452,-1.8983][-0.0001,0.1813,-0.9834][0.756502,0.518161,0][-0,-0.016588,-1.95655][-0,0.0956,-0.9954][0.756502,0.483844,0][-0.602096,-0.016588,-1.86159][-0.3066,0.0955,-0.947][0.79825,0.483844,0][-1.14789,-0.016588,-1.58442][-0.584,0.0955,-0.8061][0.836093,0.483844,0][-1.11372,0.375452,-1.53726][-0.5769,0.1813,-0.7964][0.833724,0.518161,0][-0.584178,0.375452,-1.80619][-0.303,0.1812,-0.9356][0.797007,0.518161,0][-0.584178,0.375452,-1.80619][-0.303,0.1813,-0.9356][0.797007,0.518161,0][-0.602096,-0.016588,-1.86159][-0.3067,0.0956,-0.947][0.79825,0.483844,0][-1.14789,-0.016588,-1.58442][-0.584,0.0955,-0.8061][0.836093,0.483844,0][-1.58132,-0.016588,-1.15216][-0.8045,0.0955,-0.5862][0.866146,0.483844,0][-1.53426,0.375452,-1.11787][-0.7948,0.1812,-0.5792][0.862883,0.518161,0][-1.11372,0.375452,-1.53726][-0.577,0.1813,-0.7964][0.833724,0.518161,0][-1.11372,0.375452,-1.53726][-0.577,0.1813,-0.7964][0.833724,0.518161,0][-1.14789,-0.016588,-1.58442][-0.584,0.0956,-0.8061][0.836093,0.483844,0][-1.58132,-0.016588,-1.15216][-0.8045,0.0956,-0.5862][0.866146,0.483844,0][-1.85997,-0.016588,-0.607112][-0.9463,0.0955,-0.3089][0.885467,0.483844,0][-1.80461,0.375452,-0.589036][-0.9349,0.1813,-0.3052][0.881629,0.518161,0][-1.53426,0.375452,-1.11787][-0.7948,0.1813,-0.5791][0.862883,0.518161,0][-1.53426,0.375452,-1.11787][-0.7948,0.1813,-0.5791][0.862883,0.518161,0][-1.58132,-0.016588,-1.15216][-0.8045,0.0956,-0.5862][0.866146,0.483844,0][-1.85997,-0.016588,-0.607112][-0.9463,0.0955,-0.3089][0.885467,0.483844,0][-1.95655,-0.016588,-0.002636][-0.9954,0.0955,-0.0014][0.892164,0.483844,0][-1.8983,0.375452,-0.00256][-0.9834,0.1813,-0.0014][0.888125,0.518161,0][-1.80461,0.375452,-0.589036][-0.9349,0.1813,-0.3051][0.881629,0.518161,0][-1.80461,0.375452,-0.589036][-0.9349,0.1813,-0.3051][0.881629,0.518161,0][-1.85997,-0.016588,-0.607112][-0.9463,0.0956,-0.3089][0.885467,0.483844,0][-1.95655,-0.016588,-0.002636][-0.9954,0.0955,-0.0014][0.892164,0.483844,0][-1.86159,-0.016588,0.602096][-0.9471,0.0956,0.3063][0.346334,0.476553,0][-1.80619,0.375452,0.58418][-0.9357,0.1813,0.3026][0.342525,0.51087,0][-1.8983,0.375452,-0.00256][-0.9834,0.1813,-0.0013][0.348857,0.51087,0][-1.8983,0.375452,-0.00256][-0.9834,0.1813,-0.0013][0.348857,0.51087,0][-1.95655,-0.016588,-0.002636][-0.9954,0.0956,-0.0013][0.352862,0.476553,0][-1.86159,-0.016588,0.602096][-0.9471,0.0955,0.3063][0.346334,0.476553,0][-1.58442,-0.016588,1.14789][-0.8061,0.0955,0.584][0.327279,0.476553,0][-1.53726,0.375452,1.11372][-0.7964,0.1813,0.5769][0.324037,0.51087,0][-1.80619,0.375452,0.58418][-0.9357,0.1813,0.3027][0.342525,0.51087,0][-1.80619,0.375452,0.58418][-0.9357,0.1813,0.3027][0.342525,0.51087,0][-1.86159,-0.016588,0.602096][-0.9471,0.0956,0.3064][0.346334,0.476553,0][-1.58442,-0.016588,1.14789][-0.8061,0.0955,0.584][0.327279,0.476553,0][-1.15216,-0.016588,1.58132][-0.5862,0.0955,0.8045][0.297563,0.476553,0][-1.11787,0.375452,1.53426][-0.5792,0.1812,0.7948][0.295206,0.51087,0][-1.53726,0.375452,1.11372][-0.7964,0.1813,0.577][0.324037,0.51087,0][-1.53726,0.375452,1.11372][-0.7964,0.1813,0.577][0.324037,0.51087,0][-1.58442,-0.016588,1.14789][-0.8061,0.0956,0.584][0.327279,0.476553,0][-1.15216,-0.016588,1.58132][-0.5862,0.0956,0.8045][0.297563,0.476553,0][-0.589036,0.375452,1.80461][-0.3049,0.1813,0.935][0.258851,0.51087,0][-0.56271,0.757838,1.72395][-0.2977,0.2786,0.9131][0.257041,0.544342,0][-1.0679,0.757838,1.46568][-0.5655,0.2786,0.7763][0.291771,0.544342,0][-1.0679,0.757838,1.46568][-0.5655,0.2786,0.7762][0.291771,0.544342,0][-1.11787,0.375452,1.53426][-0.5791,0.1813,0.7949][0.295206,0.51087,0][-0.589036,0.375452,1.80461][-0.3049,0.1813,0.935][0.258851,0.51087,0][0,0.375452,1.8983][-0,0.1813,0.9834][0.218357,0.51087,0][0,0.757838,1.81346][-0,0.2786,0.9604][0.218357,0.544342,0][-0.56271,0.757838,1.72395][-0.2977,0.2786,0.9131][0.257041,0.544342,0][-0.56271,0.757838,1.72395][-0.2977,0.2786,0.9131][0.257041,0.544342,0][-0.589036,0.375452,1.80461][-0.3048,0.1813,0.935][0.258851,0.51087,0][0,0.375452,1.8983][-0,0.1813,0.9834][0.218357,0.51087,0][-0.584178,0.375452,-1.80619][-0.3029,0.1813,-0.9356][0.797007,0.518161,0][-0.558066,0.75784,-1.72545][-0.2958,0.2786,-0.9137][0.795196,0.551633,0][-0,0.75784,-1.81346][-0,0.2786,-0.9604][0.756502,0.551633,0][-0,0.75784,-1.81346][-0,0.2786,-0.9604][0.756502,0.551633,0][-0,0.375452,-1.8983][-0,0.1813,-0.9834][0.756502,0.518161,0][-0.584178,0.375452,-1.80619][-0.3029,0.1813,-0.9356][0.797007,0.518161,0][-1.11372,0.375452,-1.53726][-0.5769,0.1813,-0.7964][0.833724,0.518161,0][-1.06395,0.75784,-1.46855][-0.5634,0.2786,-0.7778][0.830273,0.551633,0][-0.558066,0.75784,-1.72545][-0.2959,0.2786,-0.9137][0.795196,0.551633,0][-0.558066,0.75784,-1.72545][-0.2959,0.2786,-0.9137][0.795196,0.551633,0][-0.584178,0.375452,-1.80619][-0.303,0.1813,-0.9356][0.797007,0.518161,0][-1.11372,0.375452,-1.53726][-0.577,0.1812,-0.7964][0.833724,0.518161,0][-1.53426,0.375452,-1.11787][-0.7948,0.1813,-0.5792][0.862883,0.518161,0][-1.46568,0.75784,-1.0679][-0.7762,0.2786,-0.5656][0.858128,0.551633,0][-1.06395,0.75784,-1.46855][-0.5635,0.2786,-0.7777][0.830273,0.551633,0][-1.06395,0.75784,-1.46855][-0.5635,0.2786,-0.7777][0.830273,0.551633,0][-1.11372,0.375452,-1.53726][-0.577,0.1813,-0.7964][0.833724,0.518161,0][-1.53426,0.375452,-1.11787][-0.7948,0.1813,-0.5792][0.862883,0.518161,0][-1.80461,0.375452,-0.589036][-0.9349,0.1813,-0.3052][0.881629,0.518161,0][-1.72395,0.75784,-0.56271][-0.913,0.2786,-0.298][0.876036,0.551633,0][-1.46568,0.75784,-1.0679][-0.7763,0.2786,-0.5655][0.858128,0.551633,0][-1.46568,0.75784,-1.0679][-0.7762,0.2786,-0.5655][0.858128,0.551633,0][-1.53426,0.375452,-1.11787][-0.7949,0.1813,-0.5791][0.862883,0.518161,0][-1.80461,0.375452,-0.589036][-0.9349,0.1813,-0.3052][0.881629,0.518161,0][-1.8983,0.375452,-0.00256][-0.9834,0.1813,-0.0014][0.888125,0.518161,0][-1.81346,0.75784,-0.002446][-0.9604,0.2786,-0.0013][0.882242,0.551633,0][-1.72395,0.75784,-0.56271][-0.913,0.2786,-0.298][0.876036,0.551633,0][-1.72395,0.75784,-0.56271][-0.913,0.2786,-0.298][0.876036,0.551633,0][-1.80461,0.375452,-0.589036][-0.9349,0.1813,-0.3051][0.881629,0.518161,0][-1.8983,0.375452,-0.00256][-0.9834,0.1813,-0.0013][0.888125,0.518161,0][-1.80619,0.375452,0.58418][-0.9357,0.1813,0.3026][0.342525,0.51087,0][-1.72545,0.757838,0.558066][-0.9138,0.2786,0.2955][0.336974,0.544342,0][-1.81346,0.75784,-0.002446][-0.9604,0.2786,-0.0012][0.343025,0.544342,0][-1.81346,0.75784,-0.002446][-0.9604,0.2786,-0.0012][0.343025,0.544342,0][-1.8983,0.375452,-0.00256][-0.9834,0.1813,-0.0013][0.348857,0.51087,0][-1.80619,0.375452,0.58418][-0.9357,0.1813,0.3026][0.342525,0.51087,0][-1.53726,0.375452,1.11372][-0.7964,0.1813,0.5769][0.324037,0.51087,0][-1.46855,0.757838,1.06395][-0.7778,0.2786,0.5634][0.319314,0.544342,0][-1.72545,0.757838,0.558066][-0.9138,0.2786,0.2956][0.336974,0.544342,0][-1.72545,0.757838,0.558066][-0.9138,0.2786,0.2956][0.336974,0.544342,0][-1.80619,0.375452,0.58418][-0.9357,0.1813,0.3027][0.342525,0.51087,0][-1.53726,0.375452,1.11372][-0.7964,0.1812,0.577][0.324037,0.51087,0][-1.11787,0.375452,1.53426][-0.5792,0.1813,0.7948][0.295206,0.51087,0][-1.0679,0.757838,1.46568][-0.5656,0.2786,0.7762][0.291771,0.544342,0][-1.46855,0.757838,1.06395][-0.7777,0.2786,0.5635][0.319314,0.544342,0][-1.46855,0.757838,1.06395][-0.7777,0.2786,0.5635][0.319314,0.544342,0][-1.53726,0.375452,1.11372][-0.7964,0.1813,0.577][0.324037,0.51087,0][-1.11787,0.375452,1.53426][-0.5792,0.1813,0.7948][0.295206,0.51087,0][-0.56271,0.757838,1.72395][-0.2977,0.2786,0.9131][0.257041,0.544342,0][-0.521566,1.12115,1.59789][-0.2843,0.3986,0.8719][0.254213,0.576145,0][-0.989814,1.12115,1.35851][-0.54,0.3986,0.7413][0.286403,0.576145,0][-0.989814,1.12115,1.35851][-0.54,0.3986,0.7413][0.286403,0.576145,0][-1.0679,0.757838,1.46568][-0.5655,0.2786,0.7762][0.291771,0.544342,0][-0.56271,0.757838,1.72395][-0.2977,0.2786,0.9131][0.257041,0.544342,0][0,0.757838,1.81346][-0,0.2786,0.9604][0.218357,0.544342,0][0,1.12115,1.68085][-0,0.3986,0.9171][0.218357,0.576145,0][-0.521566,1.12115,1.59789][-0.2843,0.3986,0.872][0.254213,0.576145,0][-0.521566,1.12115,1.59789][-0.2843,0.3986,0.872][0.254213,0.576145,0][-0.56271,0.757838,1.72395][-0.2977,0.2786,0.9131][0.257041,0.544342,0][0,0.757838,1.81346][-0,0.2786,0.9604][0.218357,0.544342,0][-0.558066,0.75784,-1.72545][-0.2958,0.2786,-0.9137][0.795196,0.551633,0][-0.517256,1.12115,-1.59928][-0.2825,0.3986,-0.8725][0.792367,0.583436,0][-0,1.12115,-1.68085][-0,0.3986,-0.9171][0.756502,0.583436,0][-0,1.12115,-1.68085][-0,0.3986,-0.9171][0.756502,0.583436,0][-0,0.75784,-1.81346][-0,0.2786,-0.9604][0.756502,0.551633,0][-0.558066,0.75784,-1.72545][-0.2958,0.2786,-0.9137][0.795196,0.551633,0][-1.06395,0.75784,-1.46855][-0.5634,0.2786,-0.7778][0.830273,0.551633,0][-0.986146,1.12115,-1.36117][-0.5381,0.3986,-0.7427][0.824879,0.583436,0][-0.517256,1.12115,-1.59928][-0.2826,0.3986,-0.8725][0.792367,0.583436,0][-0.517256,1.12115,-1.59928][-0.2826,0.3986,-0.8725][0.792367,0.583436,0][-0.558066,0.75784,-1.72545][-0.2959,0.2786,-0.9137][0.795196,0.551633,0][-1.06395,0.75784,-1.46855][-0.5634,0.2786,-0.7778][0.830273,0.551633,0][-1.46568,0.75784,-1.0679][-0.7762,0.2786,-0.5656][0.858128,0.551633,0][-1.3585,1.12115,-0.989806][-0.7412,0.3986,-0.5401][0.850697,0.583436,0][-0.986146,1.12115,-1.36117][-0.5381,0.3986,-0.7427][0.824879,0.583436,0][-0.986146,1.12115,-1.36117][-0.5381,0.3986,-0.7427][0.824879,0.583436,0][-1.06395,0.75784,-1.46855][-0.5635,0.2786,-0.7777][0.830273,0.551633,0][-1.46568,0.75784,-1.0679][-0.7762,0.2786,-0.5656][0.858128,0.551633,0][-1.72395,0.75784,-0.56271][-0.913,0.2786,-0.298][0.876036,0.551633,0][-1.59789,1.12115,-0.521566][-0.8718,0.3986,-0.2846][0.867295,0.583436,0][-1.3585,1.12115,-0.989806][-0.7413,0.3986,-0.54][0.850697,0.583436,0][-1.3585,1.12115,-0.989806][-0.7413,0.3986,-0.54][0.850697,0.583436,0][-1.46568,0.75784,-1.0679][-0.7762,0.2786,-0.5655][0.858128,0.551633,0][-1.72395,0.75784,-0.56271][-0.913,0.2786,-0.2981][0.876036,0.551633,0][-1.81346,0.75784,-0.002446][-0.9604,0.2786,-0.0013][0.882242,0.551633,0][-1.68085,1.12115,-0.002262][-0.9171,0.3986,-0.0013][0.873047,0.583436,0][-1.59789,1.12115,-0.521566][-0.8719,0.3986,-0.2845][0.867295,0.583436,0][-1.59789,1.12115,-0.521566][-0.8719,0.3986,-0.2845][0.867295,0.583436,0][-1.72395,0.75784,-0.56271][-0.913,0.2786,-0.298][0.876036,0.551633,0][-1.81346,0.75784,-0.002446][-0.9604,0.2786,-0.0013][0.882242,0.551633,0][-1.72545,0.757838,0.558066][-0.9138,0.2786,0.2955][0.336974,0.544342,0][-1.59928,1.12115,0.517256][-0.8726,0.3986,0.2822][0.328301,0.576145,0][-1.68085,1.12115,-0.002262][-0.9171,0.3986,-0.0012][0.333909,0.576145,0][-1.68085,1.12115,-0.002262][-0.9171,0.3986,-0.0012][0.333909,0.576145,0][-1.81346,0.75784,-0.002446][-0.9604,0.2786,-0.0013][0.343025,0.544342,0][-1.72545,0.757838,0.558066][-0.9138,0.2786,0.2955][0.336974,0.544342,0][-1.46855,0.757838,1.06395][-0.7778,0.2786,0.5634][0.319314,0.544342,0][-1.36117,1.12115,0.986146][-0.7427,0.3986,0.538][0.311932,0.576145,0][-1.59928,1.12115,0.517256][-0.8726,0.3986,0.2823][0.328301,0.576145,0][-1.59928,1.12115,0.517256][-0.8726,0.3986,0.2823][0.328301,0.576145,0][-1.72545,0.757838,0.558066][-0.9138,0.2786,0.2956][0.336974,0.544342,0][-1.46855,0.757838,1.06395][-0.7778,0.2786,0.5634][0.319314,0.544342,0][-1.0679,0.757838,1.46568][-0.5656,0.2786,0.7762][0.291771,0.544342,0][-0.989814,1.12115,1.35851][-0.5401,0.3986,0.7412][0.286403,0.576145,0][-1.36117,1.12115,0.986146][-0.7427,0.3986,0.5381][0.311932,0.576145,0][-1.36117,1.12115,0.986146][-0.7427,0.3986,0.5381][0.311932,0.576145,0][-1.46855,0.757838,1.06395][-0.7777,0.2786,0.5635][0.319314,0.544342,0][-1.0679,0.757838,1.46568][-0.5656,0.2786,0.7762][0.291771,0.544342,0][-0.521566,1.12115,1.59789][-0.2843,0.3986,0.8719][0.254213,0.576145,0][-0.468058,1.45646,1.43397][-0.2675,0.5055,0.8203][0.250534,0.605496,0][-0.888274,1.45646,1.21915][-0.5081,0.5056,0.6973][0.279422,0.605496,0][-0.888274,1.45646,1.21915][-0.5081,0.5056,0.6973][0.279422,0.605496,0][-0.989814,1.12115,1.35851][-0.5401,0.3986,0.7412][0.286403,0.576145,0][-0.521566,1.12115,1.59789][-0.2843,0.3986,0.8719][0.254213,0.576145,0][0,1.12115,1.68085][-0,0.3986,0.9171][0.218357,0.576145,0][0,1.45646,1.50842][-0,0.5056,0.8628][0.218357,0.605496,0][-0.468058,1.45646,1.43397][-0.2674,0.5056,0.8203][0.250534,0.605496,0][-0.468058,1.45646,1.43397][-0.2674,0.5056,0.8203][0.250534,0.605496,0][-0.521566,1.12115,1.59789][-0.2842,0.3986,0.872][0.254213,0.576145,0][0,1.12115,1.68085][-0,0.3986,0.9171][0.218357,0.576145,0][-0.517256,1.12115,-1.59928][-0.2825,0.3986,-0.8725][0.792367,0.583436,0][-0.464198,1.45646,-1.43523][-0.2657,0.5056,-0.8209][0.788688,0.612787,0][-0,1.45646,-1.50842][-0,0.5056,-0.8628][0.756502,0.612787,0][-0,1.45646,-1.50842][-0,0.5056,-0.8628][0.756502,0.612787,0][-0,1.12115,-1.68085][-0,0.3986,-0.9171][0.756502,0.583436,0][-0.517256,1.12115,-1.59928][-0.2825,0.3986,-0.8725][0.792367,0.583436,0][-0.986146,1.12115,-1.36117][-0.5381,0.3986,-0.7427][0.824879,0.583436,0][-0.884988,1.45646,-1.22154][-0.5062,0.5056,-0.6987][0.817865,0.612787,0][-0.464198,1.45646,-1.43523][-0.2658,0.5056,-0.8208][0.788688,0.612787,0][-0.464198,1.45646,-1.43523][-0.2658,0.5056,-0.8208][0.788688,0.612787,0][-0.517256,1.12115,-1.59928][-0.2825,0.3986,-0.8725][0.792367,0.583436,0][-0.986146,1.12115,-1.36117][-0.5381,0.3986,-0.7427][0.824879,0.583436,0][-1.3585,1.12115,-0.989806][-0.7412,0.3986,-0.5401][0.850697,0.583436,0][-1.21915,1.45646,-0.888274][-0.6973,0.5056,-0.5081][0.841035,0.612787,0][-0.884988,1.45646,-1.22154][-0.5062,0.5056,-0.6987][0.817865,0.612787,0][-0.884988,1.45646,-1.22154][-0.5062,0.5056,-0.6987][0.817865,0.612787,0][-0.986146,1.12115,-1.36117][-0.5381,0.3986,-0.7427][0.824879,0.583436,0][-1.3585,1.12115,-0.989806][-0.7412,0.3986,-0.5401][0.850697,0.583436,0][-1.59789,1.12115,-0.521566][-0.8718,0.3986,-0.2846][0.867295,0.583436,0][-1.43397,1.45646,-0.46806][-0.8202,0.5056,-0.2677][0.855929,0.612787,0][-1.21915,1.45646,-0.888274][-0.6973,0.5056,-0.5081][0.841035,0.612787,0][-1.21915,1.45646,-0.888274][-0.6973,0.5056,-0.5081][0.841035,0.612787,0][-1.3585,1.12115,-0.989806][-0.7412,0.3986,-0.54][0.850697,0.583436,0][-1.59789,1.12115,-0.521566][-0.8718,0.3986,-0.2846][0.867295,0.583436,0][-1.68085,1.12115,-0.002262][-0.9171,0.3986,-0.0012][0.873047,0.583436,0][-1.50842,1.45646,-0.002032][-0.8628,0.5055,-0.0012][0.861092,0.612787,0][-1.43397,1.45646,-0.46806][-0.8202,0.5056,-0.2677][0.855929,0.612787,0][-1.43397,1.45646,-0.46806][-0.8202,0.5056,-0.2677][0.855929,0.612787,0][-1.59789,1.12115,-0.521566][-0.8719,0.3986,-0.2846][0.867295,0.583436,0][-1.68085,1.12115,-0.002262][-0.9171,0.3986,-0.0013][0.873047,0.583436,0][-1.59928,1.12115,0.517256][-0.8726,0.3986,0.2822][0.328301,0.576145,0][-1.43523,1.45646,0.464198][-0.8209,0.5055,0.2655][0.317023,0.605496,0][-1.50842,1.45646,-0.002032][-0.8628,0.5056,-0.0011][0.322055,0.605496,0][-1.50842,1.45646,-0.002032][-0.8628,0.5056,-0.0011][0.322055,0.605496,0][-1.68085,1.12115,-0.002262][-0.9171,0.3986,-0.0012][0.333909,0.576145,0][-1.59928,1.12115,0.517256][-0.8726,0.3986,0.2822][0.328301,0.576145,0][-1.36117,1.12115,0.986146][-0.7427,0.3986,0.538][0.311932,0.576145,0][-1.22153,1.45646,0.884982][-0.6987,0.5055,0.5062][0.302332,0.605496,0][-1.43523,1.45646,0.464198][-0.8209,0.5056,0.2655][0.317023,0.605496,0][-1.43523,1.45646,0.464198][-0.8209,0.5056,0.2655][0.317023,0.605496,0][-1.59928,1.12115,0.517256][-0.8726,0.3986,0.2823][0.328301,0.576145,0][-1.36117,1.12115,0.986146][-0.7427,0.3986,0.5381][0.311932,0.576145,0][-0.989814,1.12115,1.35851][-0.5401,0.3986,0.7412][0.286403,0.576145,0][-0.888274,1.45646,1.21915][-0.5081,0.5056,0.6973][0.279422,0.605496,0][-1.22153,1.45646,0.884982][-0.6987,0.5056,0.5062][0.302332,0.605496,0][-1.22153,1.45646,0.884982][-0.6987,0.5056,0.5062][0.302332,0.605496,0][-1.36117,1.12115,0.986146][-0.7427,0.3986,0.5381][0.311932,0.576145,0][-0.989814,1.12115,1.35851][-0.5401,0.3986,0.7412][0.286403,0.576145,0][-0.468058,1.45646,1.43397][-0.2674,0.5056,0.8203][0.250534,0.605496,0][-0.405806,1.75549,1.24324][-0.2466,0.606,0.7562][0.246255,0.631671,0][-0.770128,1.75549,1.05699][-0.4684,0.6061,0.6429][0.2713,0.631671,0][-0.770128,1.75549,1.05699][-0.4684,0.606,0.6429][0.2713,0.631671,0][-0.888274,1.45646,1.21915][-0.508,0.5056,0.6973][0.279422,0.605496,0][-0.468058,1.45646,1.43397][-0.2675,0.5056,0.8203][0.250534,0.605496,0][0,1.45646,1.50842][-0,0.5056,0.8628][0.218357,0.605496,0][0,1.75549,1.3078][-0,0.606,0.7954][0.218357,0.631671,0][-0.405806,1.75549,1.24324][-0.2465,0.606,0.7563][0.246255,0.631671,0][-0.405806,1.75549,1.24324][-0.2465,0.606,0.7563][0.246255,0.631671,0][-0.468058,1.45646,1.43397][-0.2674,0.5056,0.8203][0.250534,0.605496,0][0,1.45646,1.50842][-0,0.5056,0.8628][0.218357,0.605496,0][-0.464198,1.45646,-1.43523][-0.2658,0.5056,-0.8208][0.788688,0.612787,0][-0.402458,1.75549,-1.24433][-0.245,0.6061,-0.7567][0.784407,0.638963,0][-0,1.75549,-1.3078][-0,0.6061,-0.7954][0.756502,0.638963,0][-0,1.75549,-1.3078][-0,0.6061,-0.7954][0.756502,0.638963,0][-0,1.45646,-1.50842][-0,0.5056,-0.8628][0.756502,0.612787,0][-0.464198,1.45646,-1.43523][-0.2657,0.5056,-0.8208][0.788688,0.612787,0][-0.884988,1.45646,-1.22154][-0.5061,0.5056,-0.6987][0.817865,0.612787,0][-0.76728,1.75549,-1.05907][-0.4666,0.6061,-0.6442][0.809703,0.638963,0][-0.402458,1.75549,-1.24433][-0.2451,0.6061,-0.7567][0.784407,0.638963,0][-0.402458,1.75549,-1.24433][-0.2451,0.6061,-0.7567][0.784407,0.638963,0][-0.464198,1.45646,-1.43523][-0.2658,0.5056,-0.8208][0.788688,0.612787,0][-0.884988,1.45646,-1.22154][-0.5062,0.5056,-0.6987][0.817865,0.612787,0][-1.21915,1.45646,-0.888274][-0.6973,0.5056,-0.5081][0.841035,0.612787,0][-1.05699,1.75549,-0.770128][-0.6429,0.6061,-0.4684][0.829791,0.638963,0][-0.76728,1.75549,-1.05907][-0.4667,0.6061,-0.6441][0.809703,0.638963,0][-0.76728,1.75549,-1.05907][-0.4667,0.6061,-0.6441][0.809703,0.638963,0][-0.884988,1.45646,-1.22154][-0.5062,0.5056,-0.6987][0.817865,0.612787,0][-1.21915,1.45646,-0.888274][-0.6973,0.5056,-0.5081][0.841035,0.612787,0][-1.43397,1.45646,-0.46806][-0.8202,0.5056,-0.2677][0.855929,0.612787,0][-1.24324,1.75549,-0.405808][-0.7562,0.606,-0.2469][0.842705,0.638963,0][-1.05699,1.75549,-0.770128][-0.6429,0.6061,-0.4684][0.829791,0.638963,0][-1.05699,1.75549,-0.770128][-0.6429,0.606,-0.4684][0.829791,0.638963,0][-1.21915,1.45646,-0.888274][-0.6973,0.5056,-0.508][0.841035,0.612787,0][-1.43397,1.45646,-0.46806][-0.8202,0.5056,-0.2677][0.855929,0.612787,0][-1.50842,1.45646,-0.002032][-0.8628,0.5056,-0.0012][0.861092,0.612787,0][-1.3078,1.75549,-0.00176][-0.7954,0.606,-0.0011][0.847181,0.638963,0][-1.24324,1.75549,-0.405808][-0.7562,0.6061,-0.2468][0.842705,0.638963,0][-1.24324,1.75549,-0.405808][-0.7562,0.6061,-0.2468][0.842705,0.638963,0][-1.43397,1.45646,-0.46806][-0.8202,0.5056,-0.2677][0.855929,0.612787,0][-1.50842,1.45646,-0.002032][-0.8628,0.5056,-0.0012][0.861092,0.612787,0][-1.43523,1.45646,0.464198][-0.8209,0.5056,0.2655][0.317023,0.605496,0][-1.24433,1.75549,0.402458][-0.7568,0.606,0.2448][0.3039,0.631671,0][-1.3078,1.75549,-0.00176][-0.7954,0.6061,-0.0011][0.308263,0.631671,0][-1.3078,1.75549,-0.00176][-0.7954,0.606,-0.001][0.308263,0.631671,0][-1.50842,1.45646,-0.002032][-0.8628,0.5056,-0.0012][0.322055,0.605496,0][-1.43523,1.45646,0.464198][-0.8209,0.5056,0.2655][0.317023,0.605496,0][-1.22153,1.45646,0.884982][-0.6987,0.5056,0.5062][0.302332,0.605496,0][-1.05907,1.75549,0.76728][-0.6442,0.6061,0.4666][0.291164,0.631671,0][-1.24433,1.75549,0.402458][-0.7568,0.606,0.2448][0.3039,0.631671,0][-1.24433,1.75549,0.402458][-0.7568,0.6061,0.2448][0.3039,0.631671,0][-1.43523,1.45646,0.464198][-0.8209,0.5056,0.2655][0.317023,0.605496,0][-1.22153,1.45646,0.884982][-0.6987,0.5056,0.5062][0.302332,0.605496,0][-0.888274,1.45646,1.21915][-0.5081,0.5056,0.6973][0.279422,0.605496,0][-0.770128,1.75549,1.05699][-0.4684,0.6061,0.6429][0.2713,0.631671,0][-1.05907,1.75549,0.76728][-0.6441,0.6061,0.4667][0.291164,0.631671,0][-1.05907,1.75549,0.76728][-0.6441,0.606,0.4667][0.291164,0.631671,0][-1.22153,1.45646,0.884982][-0.6987,0.5056,0.5062][0.302332,0.605496,0][-0.888274,1.45646,1.21915][-0.5081,0.5056,0.6973][0.279422,0.605496,0][-0.405806,1.75549,1.24324][-0.2466,0.6061,0.7562][0.246255,0.631671,0][-0.336446,2.01088,1.03075][-0.2177,0.7119,0.6677][0.241487,0.654027,0][-0.638496,2.01088,0.876334][-0.4135,0.7119,0.5676][0.262251,0.654027,0][-0.638496,2.01088,0.876334][-0.4135,0.7119,0.5676][0.262251,0.654027,0][-0.770128,1.75549,1.05699][-0.4684,0.6061,0.6429][0.2713,0.631671,0][-0.405806,1.75549,1.24324][-0.2466,0.6061,0.7562][0.246255,0.631671,0][0,1.75549,1.3078][-0,0.6061,0.7954][0.218357,0.631671,0][0,2.01088,1.08427][-0,0.7119,0.7023][0.218357,0.654027,0][-0.336446,2.01088,1.03075][-0.2177,0.7119,0.6677][0.241487,0.654027,0][-0.336446,2.01088,1.03075][-0.2177,0.7119,0.6677][0.241487,0.654027,0][-0.405806,1.75549,1.24324][-0.2465,0.6061,0.7562][0.246255,0.631671,0][0,1.75549,1.3078][-0,0.6061,0.7954][0.218357,0.631671,0][-0.402458,1.75549,-1.24433][-0.245,0.6061,-0.7567][0.784407,0.638963,0][-0.333666,2.01088,-1.03165][-0.2163,0.7119,-0.6681][0.779637,0.661318,0][-0,2.01088,-1.08427][-0,0.7119,-0.7022][0.756502,0.661318,0][-0,2.01088,-1.08427][-0.0001,0.7119,-0.7022][0.756502,0.661318,0][-0,1.75549,-1.3078][-0,0.6061,-0.7954][0.756502,0.638963,0][-0.402458,1.75549,-1.24433][-0.245,0.6061,-0.7567][0.784407,0.638963,0][-0.76728,1.75549,-1.05907][-0.4666,0.6061,-0.6441][0.809703,0.638963,0][-0.636136,2.01088,-0.87805][-0.412,0.7119,-0.5687][0.80061,0.661318,0][-0.333666,2.01088,-1.03165][-0.2164,0.7119,-0.6681][0.779637,0.661318,0][-0.333666,2.01088,-1.03165][-0.2164,0.7119,-0.6681][0.779637,0.661318,0][-0.402458,1.75549,-1.24433][-0.2451,0.6061,-0.7567][0.784407,0.638963,0][-0.76728,1.75549,-1.05907][-0.4666,0.6061,-0.6442][0.809703,0.638963,0][-1.05699,1.75549,-0.770128][-0.6428,0.6061,-0.4684][0.829791,0.638963,0][-0.876334,2.01088,-0.638496][-0.5676,0.7119,-0.4136][0.817264,0.661318,0][-0.636136,2.01088,-0.87805][-0.412,0.7119,-0.5687][0.80061,0.661318,0][-0.636136,2.01088,-0.87805][-0.412,0.7119,-0.5687][0.80061,0.661318,0][-0.76728,1.75549,-1.05907][-0.4667,0.6061,-0.6441][0.809703,0.638963,0][-1.05699,1.75549,-0.770128][-0.6428,0.6061,-0.4684][0.829791,0.638963,0][-1.24324,1.75549,-0.405808][-0.7561,0.6061,-0.2469][0.842705,0.638963,0][-1.03075,2.01088,-0.336448][-0.6676,0.7119,-0.2179][0.827971,0.661318,0][-0.876334,2.01088,-0.638496][-0.5676,0.7119,-0.4135][0.817264,0.661318,0][-0.876334,2.01088,-0.638496][-0.5676,0.7119,-0.4135][0.817264,0.661318,0][-1.05699,1.75549,-0.770128][-0.6429,0.6061,-0.4684][0.829791,0.638963,0][-1.24324,1.75549,-0.405808][-0.7561,0.6061,-0.2469][0.842705,0.638963,0][-1.3078,1.75549,-0.00176][-0.7954,0.6061,-0.0011][0.847181,0.638963,0][-1.08427,2.01088,-0.00146][-0.7022,0.7119,-0.001][0.831682,0.661318,0][-1.03075,2.01088,-0.336448][-0.6676,0.7119,-0.2179][0.827971,0.661318,0][-1.03075,2.01088,-0.336448][-0.6676,0.7119,-0.2179][0.827971,0.661318,0][-1.24324,1.75549,-0.405808][-0.7561,0.6061,-0.2468][0.842705,0.638963,0][-1.3078,1.75549,-0.00176][-0.7954,0.6061,-0.0011][0.847181,0.638963,0][-1.24433,1.75549,0.402458][-0.7568,0.6061,0.2447][0.3039,0.631671,0][-1.03165,2.01088,0.333666][-0.6682,0.7119,0.2161][0.289279,0.654027,0][-1.08427,2.01088,-0.00146][-0.7023,0.7119,-0.0009][0.292896,0.654027,0][-1.08427,2.01088,-0.00146][-0.7023,0.7119,-0.0009][0.292896,0.654027,0][-1.3078,1.75549,-0.00176][-0.7954,0.6061,-0.0011][0.308263,0.631671,0][-1.24433,1.75549,0.402458][-0.7568,0.6061,0.2447][0.3039,0.631671,0][-1.05907,1.75549,0.76728][-0.6442,0.6061,0.4666][0.291164,0.631671,0][-0.87805,2.01088,0.636136][-0.5687,0.7119,0.412][0.278719,0.654027,0][-1.03165,2.01088,0.333666][-0.6682,0.7119,0.2161][0.289279,0.654027,0][-1.03165,2.01088,0.333666][-0.6682,0.7119,0.2161][0.289279,0.654027,0][-1.24433,1.75549,0.402458][-0.7568,0.6061,0.2448][0.3039,0.631671,0][-1.05907,1.75549,0.76728][-0.6442,0.6061,0.4666][0.291164,0.631671,0][-0.770128,1.75549,1.05699][-0.4684,0.6061,0.6428][0.2713,0.631671,0][-0.638496,2.01088,0.876334][-0.4136,0.7119,0.5676][0.262251,0.654027,0][-0.87805,2.01088,0.636136][-0.5687,0.7119,0.412][0.278719,0.654027,0][-0.87805,2.01088,0.636136][-0.5687,0.7119,0.412][0.278719,0.654027,0][-1.05907,1.75549,0.76728][-0.6441,0.6061,0.4667][0.291164,0.631671,0][-0.770128,1.75549,1.05699][-0.4684,0.6061,0.6428][0.2713,0.631671,0][-0.336446,2.01088,1.03075][-0.2177,0.712,0.6676][0.241487,0.654027,0][-0.25983,2.21636,0.796028][-0.1778,0.8192,0.5452][0.23622,0.672014,0][-0.4931,2.21636,0.676776][-0.3377,0.8192,0.4635][0.252256,0.672014,0][-0.4931,2.21636,0.676776][-0.3377,0.8192,0.4635][0.252256,0.672014,0][-0.638496,2.01088,0.876334][-0.4135,0.712,0.5676][0.262251,0.654027,0][-0.336446,2.01088,1.03075][-0.2177,0.712,0.6676][0.241487,0.654027,0][0,2.01088,1.08427][-0,0.7119,0.7022][0.218357,0.654027,0][0,2.21636,0.83736][-0,0.8192,0.5735][0.218357,0.672014,0][-0.25983,2.21636,0.796028][-0.1777,0.8192,0.5453][0.23622,0.672014,0][-0.25983,2.21636,0.796028][-0.1778,0.8192,0.5453][0.23622,0.672014,0][-0.336446,2.01088,1.03075][-0.2177,0.7119,0.6677][0.241487,0.654027,0][0,2.01088,1.08427][-0,0.7119,0.7022][0.218357,0.654027,0][-0.333666,2.01088,-1.03165][-0.2163,0.712,-0.6681][0.779637,0.661318,0][-0.257686,2.21636,-0.796724][-0.1766,0.8192,-0.5456][0.774369,0.679305,0][-0,2.21636,-0.83736][-0,0.8192,-0.5735][0.756502,0.679305,0][-0,2.21636,-0.83736][-0,0.8192,-0.5735][0.756502,0.679305,0][-0,2.01088,-1.08427][-0,0.712,-0.7022][0.756502,0.661318,0][-0.333666,2.01088,-1.03165][-0.2163,0.712,-0.6681][0.779637,0.661318,0][-0.636136,2.01088,-0.87805][-0.412,0.712,-0.5687][0.80061,0.661318,0][-0.491276,2.21636,-0.6781][-0.3364,0.8192,-0.4644][0.790565,0.679305,0][-0.257686,2.21636,-0.796724][-0.1767,0.8192,-0.5456][0.774369,0.679305,0][-0.257686,2.21636,-0.796724][-0.1767,0.8192,-0.5456][0.774369,0.679305,0][-0.333666,2.01088,-1.03165][-0.2164,0.712,-0.668][0.779637,0.661318,0][-0.636136,2.01088,-0.87805][-0.4119,0.712,-0.5687][0.80061,0.661318,0][-0.876334,2.01088,-0.638496][-0.5675,0.712,-0.4135][0.817264,0.661318,0][-0.676776,2.21636,-0.4931][-0.4635,0.8192,-0.3378][0.803428,0.679305,0][-0.491276,2.21636,-0.6781][-0.3365,0.8192,-0.4644][0.790565,0.679305,0][-0.491276,2.21636,-0.6781][-0.3365,0.8192,-0.4644][0.790565,0.679305,0][-0.636136,2.01088,-0.87805][-0.412,0.712,-0.5686][0.80061,0.661318,0][-0.876334,2.01088,-0.638496][-0.5675,0.712,-0.4136][0.817264,0.661318,0][-1.03075,2.01088,-0.336448][-0.6675,0.712,-0.2179][0.827971,0.661318,0][-0.796028,2.21636,-0.25983][-0.5452,0.8192,-0.178][0.811696,0.679305,0][-0.676776,2.21636,-0.4931][-0.4635,0.8192,-0.3377][0.803428,0.679305,0][-0.676776,2.21636,-0.4931][-0.4635,0.8192,-0.3377][0.803428,0.679305,0][-0.876334,2.01088,-0.638496][-0.5676,0.712,-0.4135][0.817264,0.661318,0][-1.03075,2.01088,-0.336448][-0.6675,0.712,-0.2179][0.827971,0.661318,0][-1.08427,2.01088,-0.00146][-0.7022,0.712,-0.001][0.831682,0.661318,0][-0.83736,2.21636,-0.001128][-0.5735,0.8192,-0.0008][0.814562,0.679305,0][-0.796028,2.21636,-0.25983][-0.5452,0.8192,-0.1779][0.811696,0.679305,0][-0.796028,2.21636,-0.25983][-0.5452,0.8192,-0.1779][0.811696,0.679305,0][-1.03075,2.01088,-0.336448][-0.6676,0.712,-0.2179][0.827971,0.661318,0][-1.08427,2.01088,-0.00146][-0.7022,0.712,-0.001][0.831682,0.661318,0][-1.03165,2.01088,0.333666][-0.6681,0.712,0.2161][0.289279,0.654027,0][-0.796724,2.21636,0.257686][-0.5457,0.8192,0.1764][0.273129,0.672014,0][-0.83736,2.21636,-0.001128][-0.5735,0.8192,-0.0007][0.275922,0.672014,0][-0.83736,2.21636,-0.001128][-0.5735,0.8192,-0.0007][0.275922,0.672014,0][-1.08427,2.01088,-0.00146][-0.7022,0.712,-0.0009][0.292896,0.654027,0][-1.03165,2.01088,0.333666][-0.6682,0.712,0.2161][0.289279,0.654027,0][-0.87805,2.01088,0.636136][-0.5687,0.712,0.412][0.278719,0.654027,0][-0.6781,2.21636,0.491276][-0.4644,0.8192,0.3364][0.264974,0.672014,0][-0.796724,2.21636,0.257686][-0.5457,0.8192,0.1765][0.273129,0.672014,0][-0.796724,2.21636,0.257686][-0.5457,0.8192,0.1765][0.273129,0.672014,0][-1.03165,2.01088,0.333666][-0.6681,0.712,0.2161][0.289279,0.654027,0][-0.87805,2.01088,0.636136][-0.5687,0.712,0.4119][0.278719,0.654027,0][-0.638496,2.01088,0.876334][-0.4135,0.712,0.5675][0.262251,0.654027,0][-0.4931,2.21636,0.676776][-0.3378,0.8192,0.4635][0.252256,0.672014,0][-0.6781,2.21636,0.491276][-0.4644,0.8192,0.3365][0.264974,0.672014,0][-0.6781,2.21636,0.491276][-0.4644,0.8192,0.3365][0.264974,0.672014,0][-0.87805,2.01088,0.636136][-0.5686,0.712,0.412][0.278719,0.654027,0][-0.638496,2.01088,0.876334][-0.4136,0.712,0.5675][0.262251,0.654027,0][-0.25983,2.21636,0.796028][-0.1778,0.8192,0.5452][0.23622,0.672014,0][-0.176858,2.36685,0.541832][-0.1272,0.9119,0.3902][0.230515,0.685187,0][-0.335638,2.36685,0.46066][-0.2417,0.9119,0.3317][0.241431,0.685187,0][-0.335638,2.36685,0.46066][-0.2417,0.9119,0.3317][0.241431,0.685187,0][-0.4931,2.21636,0.676776][-0.3377,0.8192,0.4635][0.252256,0.672014,0][-0.25983,2.21636,0.796028][-0.1778,0.8192,0.5452][0.23622,0.672014,0][0,2.21636,0.83736][-0,0.8192,0.5735][0.218357,0.672014,0][0,2.36685,0.569964][-0,0.9119,0.4105][0.218357,0.685187,0][-0.176858,2.36685,0.541832][-0.1272,0.9119,0.3903][0.230515,0.685187,0][-0.176858,2.36685,0.541832][-0.1272,0.9119,0.3903][0.230515,0.685187,0][-0.25983,2.21636,0.796028][-0.1777,0.8192,0.5452][0.23622,0.672014,0][0,2.21636,0.83736][-0,0.8192,0.5735][0.218357,0.672014,0][-0.257686,2.21636,-0.796724][-0.1766,0.8193,-0.5456][0.774369,0.679305,0][-0.175398,2.36685,-0.542306][-0.1264,0.9119,-0.3905][0.768663,0.692478,0][-0,2.36685,-0.569964][-0,0.9119,-0.4104][0.756502,0.692478,0][-0,2.36685,-0.569964][-0,0.9119,-0.4104][0.756502,0.692478,0][-0,2.21636,-0.83736][-0,0.8192,-0.5734][0.756502,0.679305,0][-0.257686,2.21636,-0.796724][-0.1766,0.8193,-0.5456][0.774369,0.679305,0][-0.491276,2.21636,-0.6781][-0.3364,0.8192,-0.4644][0.790565,0.679305,0][-0.334396,2.36685,-0.461562][-0.2408,0.9119,-0.3324][0.779688,0.692478,0][-0.175398,2.36685,-0.542306][-0.1265,0.9119,-0.3905][0.768663,0.692478,0][-0.175398,2.36685,-0.542306][-0.1265,0.9119,-0.3905][0.768663,0.692478,0][-0.257686,2.21636,-0.796724][-0.1767,0.8192,-0.5456][0.774369,0.679305,0][-0.491276,2.21636,-0.6781][-0.3364,0.8192,-0.4644][0.790565,0.679305,0][-0.676776,2.21636,-0.4931][-0.4635,0.8192,-0.3377][0.803428,0.679305,0][-0.46066,2.36685,-0.335638][-0.3317,0.9119,-0.2417][0.788443,0.692478,0][-0.334396,2.36685,-0.461562][-0.2408,0.9119,-0.3324][0.779688,0.692478,0][-0.334396,2.36685,-0.461562][-0.2408,0.9119,-0.3324][0.779688,0.692478,0][-0.491276,2.21636,-0.6781][-0.3365,0.8192,-0.4644][0.790565,0.679305,0][-0.676776,2.21636,-0.4931][-0.4635,0.8192,-0.3377][0.803428,0.679305,0][-0.796028,2.21636,-0.25983][-0.5451,0.8192,-0.178][0.811696,0.679305,0][-0.541832,2.36685,-0.176858][-0.3902,0.9119,-0.1274][0.794071,0.692478,0][-0.46066,2.36685,-0.335638][-0.3317,0.9119,-0.2417][0.788443,0.692478,0][-0.46066,2.36685,-0.335638][-0.3317,0.9119,-0.2417][0.788443,0.692478,0][-0.676776,2.21636,-0.4931][-0.4635,0.8192,-0.3377][0.803428,0.679305,0][-0.796028,2.21636,-0.25983][-0.5451,0.8192,-0.178][0.811696,0.679305,0][-0.83736,2.21636,-0.001128][-0.5734,0.8192,-0.0008][0.814562,0.679305,0][-0.569964,2.36685,-0.000768][-0.4104,0.9119,-0.0006][0.796021,0.692478,0][-0.541832,2.36685,-0.176858][-0.3902,0.9119,-0.1273][0.794071,0.692478,0][-0.541832,2.36685,-0.176858][-0.3902,0.9119,-0.1274][0.794071,0.692478,0][-0.796028,2.21636,-0.25983][-0.5451,0.8192,-0.1779][0.811696,0.679305,0][-0.83736,2.21636,-0.001128][-0.5734,0.8192,-0.0008][0.814562,0.679305,0][-0.796724,2.21636,0.257686][-0.5456,0.8192,0.1764][0.273129,0.672014,0][-0.542306,2.36685,0.175398][-0.3905,0.9119,0.1263][0.255638,0.685187,0][-0.569964,2.36685,-0.000768][-0.4105,0.9119,-0.0005][0.25754,0.685187,0][-0.569964,2.36685,-0.000768][-0.4105,0.9119,-0.0005][0.25754,0.685187,0][-0.83736,2.21636,-0.001128][-0.5734,0.8192,-0.0007][0.275922,0.672014,0][-0.796724,2.21636,0.257686][-0.5456,0.8192,0.1764][0.273129,0.672014,0][-0.6781,2.21636,0.491276][-0.4644,0.8192,0.3364][0.264974,0.672014,0][-0.461562,2.36685,0.334396][-0.3324,0.9119,0.2408][0.250088,0.685187,0][-0.542306,2.36685,0.175398][-0.3905,0.9119,0.1263][0.255638,0.685187,0][-0.542306,2.36685,0.175398][-0.3905,0.9119,0.1263][0.255638,0.685187,0][-0.796724,2.21636,0.257686][-0.5456,0.8192,0.1765][0.273129,0.672014,0][-0.6781,2.21636,0.491276][-0.4644,0.8192,0.3364][0.264974,0.672014,0][-0.4931,2.21636,0.676776][-0.3377,0.8192,0.4635][0.252256,0.672014,0][-0.335638,2.36685,0.46066][-0.2417,0.9119,0.3317][0.241431,0.685187,0][-0.461562,2.36685,0.334396][-0.3324,0.9119,0.2408][0.250088,0.685187,0][-0.461562,2.36685,0.334396][-0.3324,0.9119,0.2408][0.250088,0.685187,0][-0.6781,2.21636,0.491276][-0.4644,0.8192,0.3365][0.264974,0.672014,0][-0.4931,2.21636,0.676776][-0.3377,0.8192,0.4635][0.252256,0.672014,0][-0.176858,2.36685,0.541832][-0.1272,0.9119,0.3902][0.230515,0.685187,0][-0.089532,2.45865,0.274294][-0.068,0.9756,0.2085][0.224512,0.693223,0][-0.16991,2.45865,0.233202][-0.1291,0.9757,0.1773][0.230038,0.693223,0][-0.16991,2.45865,0.233202][-0.1291,0.9757,0.1773][0.230038,0.693223,0][-0.335638,2.36685,0.46066][-0.2417,0.9119,0.3317][0.241431,0.685187,0][-0.176858,2.36685,0.541832][-0.1272,0.9119,0.3902][0.230515,0.685187,0][0,2.36685,0.569964][-0,0.9119,0.4104][0.218357,0.685187,0][0,2.45865,0.288536][-0,0.9756,0.2194][0.218357,0.693223,0][-0.089532,2.45865,0.274294][-0.068,0.9757,0.2085][0.224512,0.693223,0][-0.089532,2.45865,0.274294][-0.068,0.9757,0.2085][0.224512,0.693223,0][-0.176858,2.36685,0.541832][-0.1272,0.9119,0.3902][0.230515,0.685187,0][0,2.36685,0.569964][-0,0.9119,0.4104][0.218357,0.685187,0][-0.175398,2.36685,-0.542306][-0.1264,0.9119,-0.3904][0.768663,0.692478,0][-0.088794,2.45865,-0.274532][-0.0675,0.9757,-0.2086][0.762658,0.700514,0][-0,2.45865,-0.288534][-0,0.9757,-0.2193][0.756502,0.700514,0][-0,2.45865,-0.288534][-0,0.9757,-0.2193][0.756502,0.700514,0][-0,2.36685,-0.569964][-0,0.9119,-0.4104][0.756502,0.692478,0][-0.175398,2.36685,-0.542306][-0.1264,0.9119,-0.3904][0.768663,0.692478,0][-0.334396,2.36685,-0.461562][-0.2408,0.9119,-0.3324][0.779688,0.692478,0][-0.169282,2.45865,-0.233658][-0.1287,0.9757,-0.1776][0.768239,0.700514,0][-0.088794,2.45865,-0.274532][-0.0676,0.9757,-0.2086][0.762658,0.700514,0][-0.088794,2.45865,-0.274532][-0.0676,0.9757,-0.2086][0.762658,0.700514,0][-0.175398,2.36685,-0.542306][-0.1264,0.9119,-0.3904][0.768663,0.692478,0][-0.334396,2.36685,-0.461562][-0.2408,0.9119,-0.3324][0.779688,0.692478,0][-0.46066,2.36685,-0.335638][-0.3317,0.9119,-0.2417][0.788443,0.692478,0][-0.233202,2.45865,-0.16991][-0.1772,0.9757,-0.1292][0.772671,0.700514,0][-0.169282,2.45865,-0.233658][-0.1287,0.9757,-0.1776][0.768239,0.700514,0][-0.169282,2.45865,-0.233658][-0.1287,0.9757,-0.1776][0.768239,0.700514,0][-0.334396,2.36685,-0.461562][-0.2408,0.9119,-0.3323][0.779688,0.692478,0][-0.46066,2.36685,-0.335638][-0.3317,0.9119,-0.2417][0.788443,0.692478,0][-0.541832,2.36685,-0.176858][-0.3902,0.9119,-0.1274][0.794071,0.692478,0][-0.274292,2.45865,-0.089532][-0.2085,0.9757,-0.0681][0.77552,0.700514,0][-0.233202,2.45865,-0.16991][-0.1773,0.9757,-0.1291][0.772671,0.700514,0][-0.233202,2.45865,-0.16991][-0.1773,0.9757,-0.1291][0.772671,0.700514,0][-0.46066,2.36685,-0.335638][-0.3317,0.9119,-0.2417][0.788443,0.692478,0][-0.541832,2.36685,-0.176858][-0.3902,0.9119,-0.1274][0.794071,0.692478,0][-0.569964,2.36685,-0.000768][-0.4104,0.9119,-0.0006][0.796021,0.692478,0][-0.288534,2.45865,-0.000388][-0.2193,0.9757,-0.0003][0.776508,0.700514,0][-0.274292,2.45865,-0.089532][-0.2085,0.9757,-0.068][0.77552,0.700514,0][-0.274292,2.45865,-0.089532][-0.2085,0.9757,-0.068][0.77552,0.700514,0][-0.541832,2.36685,-0.176858][-0.3902,0.9119,-0.1273][0.794071,0.692478,0][-0.569964,2.36685,-0.000768][-0.4104,0.9119,-0.0006][0.796021,0.692478,0][-0.542306,2.36685,0.175398][-0.3905,0.9119,0.1263][0.255638,0.685187,0][-0.274534,2.45865,0.088794][-0.2087,0.9757,0.0675][0.23723,0.693223,0][-0.288534,2.45865,-0.000388][-0.2193,0.9757,-0.0003][0.238193,0.693223,0][-0.288534,2.45865,-0.000388][-0.2193,0.9757,-0.0003][0.238193,0.693223,0][-0.569964,2.36685,-0.000768][-0.4104,0.9119,-0.0005][0.25754,0.685187,0][-0.542306,2.36685,0.175398][-0.3905,0.9119,0.1263][0.255638,0.685187,0][-0.461562,2.36685,0.334396][-0.3324,0.9119,0.2408][0.250088,0.685187,0][-0.233658,2.45865,0.169282][-0.1776,0.9757,0.1287][0.23442,0.693223,0][-0.274534,2.45865,0.088794][-0.2087,0.9757,0.0675][0.23723,0.693223,0][-0.274534,2.45865,0.088794][-0.2087,0.9757,0.0675][0.23723,0.693223,0][-0.542306,2.36685,0.175398][-0.3905,0.9119,0.1263][0.255638,0.685187,0][-0.461562,2.36685,0.334396][-0.3324,0.9119,0.2408][0.250088,0.685187,0][-0.335638,2.36685,0.46066][-0.2417,0.9119,0.3317][0.241431,0.685187,0][-0.16991,2.45865,0.233202][-0.1292,0.9757,0.1772][0.230038,0.693223,0][-0.233658,2.45865,0.169282][-0.1776,0.9757,0.1287][0.23442,0.693223,0][-0.233658,2.45865,0.169282][-0.1776,0.9757,0.1287][0.23442,0.693223,0][-0.461562,2.36685,0.334396][-0.3323,0.9119,0.2408][0.250088,0.685187,0][-0.335638,2.36685,0.46066][-0.2417,0.9119,0.3317][0.241431,0.685187,0][-0.092374,-2.46043,0.283][-0.06,-0.9811,0.184][0.224708,0.262631,0][-0.175304,-2.46043,0.240604][-0.1139,-0.9811,0.1564][0.230409,0.262631,0][-0,-2.48951,-0][-0,-1,-0][0.218357,0.260086,0][0,-2.46043,0.297694][-0,-0.9811,0.1935][0.218357,0.262631,0][-0.092374,-2.46043,0.283][-0.06,-0.9811,0.184][0.224708,0.262631,0][-0,-2.48951,-0][-0,-1,-0][0.218357,0.260086,0][-0.091612,-2.46043,-0.28325][-0.0596,-0.9811,-0.1841][0.762854,0.269923,0][-0,-2.46043,-0.297696][-0,-0.9811,-0.1935][0.756502,0.269923,0][-0,-2.48951,-0][-0,-1,-0][0.756502,0.267377,0][-0.174656,-2.46043,-0.241076][-0.1135,-0.9811,-0.1567][0.768612,0.269923,0][-0.091612,-2.46043,-0.28325][-0.0596,-0.9811,-0.1841][0.762854,0.269923,0][-0,-2.48951,-0][-0,-1,-0][0.756502,0.267377,0][-0.240606,-2.46043,-0.175306][-0.1564,-0.9811,-0.1139][0.773185,0.269923,0][-0.174656,-2.46043,-0.241076][-0.1135,-0.9811,-0.1567][0.768612,0.269923,0][-0,-2.48951,-0][-0,-1,-0][0.756502,0.267377,0][-0.283002,-2.46043,-0.092374][-0.184,-0.9811,-0.06][0.776124,0.269923,0][-0.240606,-2.46043,-0.175306][-0.1564,-0.9811,-0.1139][0.773185,0.269923,0][-0,-2.48951,-0][-0,-1,-0][0.756502,0.267377,0][-0.297696,-2.46043,-0.000402][-0.1935,-0.9811,-0.0003][0.777143,0.269923,0][-0.283002,-2.46043,-0.092374][-0.184,-0.9811,-0.06][0.776124,0.269923,0][-0,-2.48951,-0][-0,-1,-0][0.756502,0.267377,0][-0.283248,-2.46043,0.09161][-0.1841,-0.9811,0.0595][0.237829,0.262631,0][-0.297696,-2.46043,-0.000402][-0.1935,-0.9811,-0.0003][0.238823,0.262631,0][-0,-2.48951,-0][-0,-1,-0][0.218357,0.260086,0][-0.241076,-2.46043,0.174656][-0.1567,-0.9811,0.1135][0.23493,0.262631,0][-0.283248,-2.46043,0.09161][-0.1841,-0.9811,0.0596][0.237829,0.262631,0][-0,-2.48951,-0][-0,-1,-0][0.218357,0.260086,0][-0.175304,-2.46043,0.240604][-0.114,-0.9811,0.1564][0.230409,0.262631,0][-0.241076,-2.46043,0.174656][-0.1567,-0.9811,0.1135][0.23493,0.262631,0][-0,-2.48951,-0][-0,-1,-0][0.218357,0.260086,0][-0.16991,2.45865,0.233202][-0.1291,0.9757,0.1772][0.230038,0.693223,0][-0.089532,2.45865,0.274294][-0.068,0.9757,0.2085][0.224512,0.693223,0][0,2.48951,0][-0,1,0.0001][0.218357,0.695924,0][-0.089532,2.45865,0.274294][-0.068,0.9757,0.2085][0.224512,0.693223,0][0,2.45865,0.288536][-0,0.9757,0.2193][0.218357,0.693223,0][0,2.48951,0][-0,1,-0][0.218357,0.695924,0][-0,2.45865,-0.288534][-0,0.9757,-0.2192][0.756502,0.700514,0][-0.088794,2.45865,-0.274532][-0.0675,0.9757,-0.2086][0.762658,0.700514,0][0,2.48951,0][-0,1,-0][0.756502,0.703215,0][-0.088794,2.45865,-0.274532][-0.0676,0.9757,-0.2086][0.762658,0.700514,0][-0.169282,2.45865,-0.233658][-0.1286,0.9757,-0.1776][0.768239,0.700514,0][0,2.48951,0][-0,1,-0][0.756502,0.703215,0][-0.169282,2.45865,-0.233658][-0.1286,0.9757,-0.1776][0.768239,0.700514,0][-0.233202,2.45865,-0.16991][-0.1772,0.9757,-0.1291][0.772671,0.700514,0][0,2.48951,0][-0,1,-0][0.756502,0.703215,0][-0.233202,2.45865,-0.16991][-0.1772,0.9757,-0.1291][0.772671,0.700514,0][-0.274292,2.45865,-0.089532][-0.2084,0.9757,-0.068][0.77552,0.700514,0][0,2.48951,0][-0,1,-0][0.756502,0.703215,0][-0.274292,2.45865,-0.089532][-0.2084,0.9757,-0.068][0.77552,0.700514,0][-0.288534,2.45865,-0.000388][-0.2193,0.9757,-0.0003][0.776508,0.700514,0][0,2.48951,0][-0,1,-0][0.756502,0.703215,0][-0.288534,2.45865,-0.000388][-0.2192,0.9757,-0.0003][0.238193,0.693223,0][-0.274534,2.45865,0.088794][-0.2086,0.9757,0.0675][0.23723,0.693223,0][0,2.48951,0][-0,1,-0][0.218357,0.695924,0][-0.274534,2.45865,0.088794][-0.2086,0.9757,0.0675][0.23723,0.693223,0][-0.233658,2.45865,0.169282][-0.1776,0.9757,0.1286][0.23442,0.693223,0][0,2.48951,0][-0,1,-0][0.218357,0.695924,0][-0.233658,2.45865,0.169282][-0.1776,0.9757,0.1286][0.23442,0.693223,0][-0.16991,2.45865,0.233202][-0.1291,0.9757,0.1772][0.230038,0.693223,0][0,2.48951,0][-0,1,-0][0.218357,0.695924,0][-1.59552,-0.407572,-1.1625][-0.8082,-0.0046,-0.5889][0.867131,0.449619,0][-1.58132,-0.016588,-1.15216][-0.8045,0.0955,-0.5862][0.866146,0.483844,0][-1.14789,-0.016588,-1.58442][-0.5841,0.0955,-0.8061][0.836093,0.483844,0][-1.14789,-0.016588,-1.58442][-0.5841,0.0955,-0.8061][0.836093,0.483844,0][-1.15819,-0.407572,-1.59864][-0.5867,-0.0046,-0.8098][0.836808,0.449619,0][-1.59552,-0.407572,-1.1625][-0.8082,-0.0046,-0.5889][0.867131,0.449619,0][-1.15819,-0.407572,-1.59864][-0.5866,-0.0046,-0.8098][0.836808,0.449619,0][-1.14789,-0.016588,-1.58442][-0.584,0.0955,-0.8061][0.836093,0.483844,0][-0.602096,-0.016588,-1.86159][-0.3067,0.0955,-0.947][0.79825,0.483844,0][-0.602096,-0.016588,-1.86159][-0.3067,0.0955,-0.947][0.79825,0.483844,0][-0.6075,-0.407572,-1.8783][-0.3081,-0.0046,-0.9514][0.798624,0.449619,0][-1.15819,-0.407572,-1.59864][-0.5866,-0.0046,-0.8098][0.836808,0.449619,0][-0.6075,-0.407572,-1.8783][-0.308,-0.0046,-0.9514][0.798624,0.449619,0][-0.602096,-0.016588,-1.86159][-0.3066,0.0955,-0.947][0.79825,0.483844,0][-0,-0.016588,-1.95655][-0,0.0955,-0.9954][0.756502,0.483844,0][-0,-0.016588,-1.95655][-0,0.0955,-0.9954][0.756502,0.483844,0][-0,-0.407572,-1.97409][-0,-0.0046,-1][0.756502,0.449619,0][-0.6075,-0.407572,-1.8783][-0.308,-0.0046,-0.9514][0.798624,0.449619,0][0,-0.407572,1.97409][-0,-0.0046,1][0.218357,0.442328,0][0,-0.016588,1.95655][-0.0001,0.0955,0.9954][0.218357,0.476553,0][-0.607112,-0.016588,1.85997][-0.3085,0.0955,0.9464][0.260094,0.476553,0][-0.607112,-0.016588,1.85997][-0.3085,0.0955,0.9464][0.260094,0.476553,0][-0.612554,-0.407572,1.87666][-0.3099,-0.0046,0.9507][0.260468,0.442328,0][0,-0.407572,1.97409][-0.0001,-0.0046,1][0.218357,0.442328,0][-0.612554,-0.407572,1.87666][-0.31,-0.0046,0.9507][0.260468,0.442328,0][-0.607112,-0.016588,1.85997][-0.3086,0.0955,0.9464][0.260094,0.476553,0][-1.15216,-0.016588,1.58132][-0.5862,0.0955,0.8045][0.297563,0.476553,0][-1.15216,-0.016588,1.58132][-0.5862,0.0955,0.8045][0.297563,0.476553,0][-1.1625,-0.407572,1.59552][-0.5889,-0.0046,0.8082][0.298274,0.442328,0][-0.612554,-0.407572,1.87666][-0.31,-0.0046,0.9507][0.260468,0.442328,0][-1.1625,-0.407572,1.59552][-0.5889,-0.0046,0.8082][0.298274,0.442328,0][-1.15216,-0.016588,1.58132][-0.5862,0.0955,0.8045][0.297563,0.476553,0][-1.58442,-0.016588,1.14789][-0.8061,0.0955,0.5841][0.327279,0.476553,0][-1.58442,-0.016588,1.14789][-0.8061,0.0955,0.5841][0.327279,0.476553,0][-1.59864,-0.407572,1.15819][-0.8098,-0.0046,0.5867][0.328257,0.442328,0][-1.1625,-0.407572,1.59552][-0.5889,-0.0046,0.8082][0.298274,0.442328,0][-1.59864,-0.407572,1.15819][-0.8098,-0.0046,0.5866][0.328257,0.442328,0][-1.58442,-0.016588,1.14789][-0.8061,0.0955,0.584][0.327279,0.476553,0][-1.86159,-0.016588,0.602096][-0.9471,0.0955,0.3064][0.346334,0.476553,0][-1.86159,-0.016588,0.602096][-0.9471,0.0956,0.3064][0.346334,0.476553,0][-1.8783,-0.407572,0.6075][-0.9515,-0.0046,0.3077][0.347482,0.442328,0][-1.59864,-0.407572,1.15819][-0.8098,-0.0046,0.5866][0.328257,0.442328,0][-1.8783,-0.407572,0.6075][-0.9515,-0.0046,0.3077][0.347482,0.442328,0][-1.86159,-0.016588,0.602096][-0.9471,0.0955,0.3063][0.346334,0.476553,0][-1.95655,-0.016588,-0.002636][-0.9954,0.0955,-0.0013][0.352862,0.476553,0][-1.95655,-0.016588,-0.002636][-0.9954,0.0955,-0.0013][0.352862,0.476553,0][-1.97409,-0.407572,-0.002662][-1,-0.0046,-0.0013][0.354067,0.442328,0][-1.8783,-0.407572,0.6075][-0.9515,-0.0046,0.3077][0.347482,0.442328,0][-1.97409,-0.407572,-0.002662][-1,-0.0046,-0.0014][0.89338,0.449619,0][-1.95655,-0.016588,-0.002636][-0.9954,0.0955,-0.0014][0.892164,0.483844,0][-1.85997,-0.016588,-0.607112][-0.9463,0.0955,-0.3089][0.885467,0.483844,0][-1.85997,-0.016588,-0.607112][-0.9463,0.0955,-0.3088][0.885467,0.483844,0][-1.87666,-0.407572,-0.612554][-0.9506,-0.0046,-0.3102][0.886625,0.449619,0][-1.97409,-0.407572,-0.002662][-1,-0.0046,-0.0014][0.89338,0.449619,0][-1.87666,-0.407572,-0.612554][-0.9506,-0.0046,-0.3103][0.886625,0.449619,0][-1.85997,-0.016588,-0.607112][-0.9463,0.0955,-0.3089][0.885467,0.483844,0][-1.58132,-0.016588,-1.15216][-0.8045,0.0955,-0.5862][0.866146,0.483844,0][-1.58132,-0.016588,-1.15216][-0.8045,0.0955,-0.5862][0.866146,0.483844,0][-1.59552,-0.407572,-1.1625][-0.8082,-0.0046,-0.5889][0.867131,0.449619,0][-1.87666,-0.407572,-0.612554][-0.9506,-0.0046,-0.3103][0.886625,0.449619,0][0.35584,-2.37401,0.488386][0.2069,-0.9362,0.284][0.193895,0.270196,0][0.187504,-2.37401,0.574442][0.1089,-0.9362,0.3341][0.205467,0.270196,0][0.092374,-2.46043,0.283][0.06,-0.9811,0.184][0.212007,0.262631,0][0.092374,-2.46043,0.283][0.06,-0.9811,0.184][0.212007,0.262631,0][0.175306,-2.46043,0.240604][0.114,-0.9811,0.1564][0.206306,0.262631,0][0.35584,-2.37401,0.488386][0.2069,-0.9362,0.284][0.193895,0.270196,0][0.187504,-2.37401,0.574442][0.1089,-0.9362,0.3341][0.205467,0.270196,0][0,-2.37401,0.60427][-0,-0.9362,0.3514][0.218357,0.270196,0][0,-2.46043,0.297694][-0,-0.9811,0.1936][0.218357,0.262631,0][0,-2.46043,0.297694][-0,-0.9811,0.1936][0.218357,0.262631,0][0.092374,-2.46043,0.283][0.06,-0.9811,0.184][0.212007,0.262631,0][0.187504,-2.37401,0.574442][0.1089,-0.9362,0.3341][0.205467,0.270196,0][-0,-2.37401,-0.60427][-0,-0.9362,-0.3514][0.756502,0.277487,0][0.185954,-2.37401,-0.574946][0.1082,-0.9362,-0.3343][0.743608,0.277487,0][0.09161,-2.46043,-0.28325][0.0596,-0.9811,-0.1841][0.75015,0.269923,0][0.09161,-2.46043,-0.28325][0.0596,-0.9811,-0.1841][0.75015,0.269923,0][-0,-2.46043,-0.297696][-0,-0.9811,-0.1935][0.756502,0.269923,0][-0,-2.37401,-0.60427][-0,-0.9362,-0.3514][0.756502,0.277487,0][0.185954,-2.37401,-0.574946][0.1083,-0.9362,-0.3343][0.743608,0.277487,0][0.354522,-2.37401,-0.489344][0.2061,-0.9362,-0.2846][0.73192,0.277487,0][0.174656,-2.46043,-0.241076][0.1135,-0.9811,-0.1568][0.744392,0.269923,0][0.174656,-2.46043,-0.241076][0.1135,-0.9811,-0.1568][0.744392,0.269923,0][0.09161,-2.46043,-0.28325][0.0596,-0.9811,-0.1841][0.75015,0.269923,0][0.185954,-2.37401,-0.574946][0.1083,-0.9362,-0.3343][0.743608,0.277487,0][0.354522,-2.37401,-0.489344][0.2062,-0.9362,-0.2846][0.73192,0.277487,0][0.488386,-2.37401,-0.35584][0.284,-0.9362,-0.2069][0.722638,0.277487,0][0.240604,-2.46043,-0.175306][0.1564,-0.9811,-0.114][0.739819,0.269923,0][0.240604,-2.46043,-0.175306][0.1564,-0.9811,-0.114][0.739819,0.269923,0][0.174656,-2.46043,-0.241076][0.1136,-0.9811,-0.1567][0.744392,0.269923,0][0.354522,-2.37401,-0.489344][0.2062,-0.9362,-0.2846][0.73192,0.277487,0][0.488386,-2.37401,-0.35584][0.284,-0.9362,-0.2069][0.722638,0.277487,0][0.574442,-2.37401,-0.187504][0.334,-0.9362,-0.1091][0.716671,0.277487,0][0.283002,-2.46043,-0.092374][0.184,-0.9811,-0.0601][0.736879,0.269923,0][0.283002,-2.46043,-0.092374][0.184,-0.9811,-0.0601][0.736879,0.269923,0][0.240604,-2.46043,-0.175306][0.1564,-0.9811,-0.114][0.739819,0.269923,0][0.488386,-2.37401,-0.35584][0.284,-0.9362,-0.2069][0.722638,0.277487,0][0.574442,-2.37401,-0.187504][0.3341,-0.9362,-0.109][0.716671,0.277487,0][0.60427,-2.37401,-0.000814][0.3514,-0.9362,-0.0005][0.714603,0.277487,0][0.297696,-2.46043,-0.000402][0.1936,-0.9811,-0.0003][0.73586,0.269923,0][0.297696,-2.46043,-0.000402][0.1936,-0.9811,-0.0003][0.73586,0.269923,0][0.283002,-2.46043,-0.092374][0.184,-0.9811,-0.06][0.736879,0.269923,0][0.574442,-2.37401,-0.187504][0.3341,-0.9362,-0.109][0.716671,0.277487,0][0.60427,-2.37401,-0.000814][0.3514,-0.9362,-0.0005][0.176816,0.270196,0][0.574946,-2.37401,0.185954][0.3343,-0.9362,0.1081][0.178832,0.270196,0][0.283248,-2.46043,0.09161][0.1842,-0.9811,0.0595][0.198885,0.262631,0][0.283248,-2.46043,0.09161][0.1842,-0.9811,0.0595][0.198885,0.262631,0][0.297696,-2.46043,-0.000402][0.1936,-0.9811,-0.0002][0.197892,0.262631,0][0.60427,-2.37401,-0.000814][0.3514,-0.9362,-0.0005][0.176816,0.270196,0][0.574946,-2.37401,0.185954][0.3343,-0.9362,0.1082][0.178832,0.270196,0][0.489344,-2.37401,0.354522][0.2846,-0.9362,0.2062][0.184717,0.270196,0][0.241076,-2.46043,0.174656][0.1568,-0.9811,0.1135][0.201784,0.262631,0][0.241076,-2.46043,0.174656][0.1567,-0.9811,0.1136][0.201784,0.262631,0][0.283248,-2.46043,0.09161][0.1842,-0.9811,0.0596][0.198885,0.262631,0][0.574946,-2.37401,0.185954][0.3343,-0.9362,0.1082][0.178832,0.270196,0][0.489344,-2.37401,0.354522][0.2846,-0.9362,0.2062][0.184717,0.270196,0][0.35584,-2.37401,0.488386][0.2069,-0.9362,0.284][0.193895,0.270196,0][0.175306,-2.46043,0.240604][0.114,-0.9811,0.1564][0.206306,0.262631,0][0.175306,-2.46043,0.240604][0.114,-0.9811,0.1564][0.206306,0.262631,0][0.241076,-2.46043,0.174656][0.1567,-0.9811,0.1136][0.201784,0.262631,0][0.489344,-2.37401,0.354522][0.2846,-0.9362,0.2062][0.184717,0.270196,0][0.53885,-2.23185,0.739568][0.2876,-0.8726,0.3948][0.181314,0.28264,0][0.28394,-2.23185,0.869884][0.1514,-0.8726,0.4645][0.198838,0.28264,0][0.187504,-2.37401,0.574442][0.109,-0.9362,0.3341][0.205467,0.270196,0][0.187504,-2.37401,0.574442][0.109,-0.9362,0.3341][0.205467,0.270196,0][0.35584,-2.37401,0.488386][0.2069,-0.9362,0.2841][0.193895,0.270196,0][0.53885,-2.23185,0.739568][0.2876,-0.8726,0.3948][0.181314,0.28264,0][0.28394,-2.23185,0.869884][0.1514,-0.8726,0.4645][0.198838,0.28264,0][0,-2.23185,0.91505][-0,-0.8725,0.4885][0.218357,0.28264,0][0,-2.37401,0.60427][-0,-0.9362,0.3515][0.218357,0.270196,0][0,-2.37401,0.60427][-0,-0.9362,0.3515][0.218357,0.270196,0][0.187504,-2.37401,0.574442][0.1089,-0.9362,0.3341][0.205467,0.270196,0][0.28394,-2.23185,0.869884][0.1514,-0.8726,0.4645][0.198838,0.28264,0][-0,-2.23185,-0.915052][-0,-0.8726,-0.4885][0.756502,0.289931,0][0.281594,-2.23185,-0.870646][0.1505,-0.8726,-0.4647][0.736977,0.289931,0][0.185954,-2.37401,-0.574946][0.1082,-0.9362,-0.3344][0.743608,0.277487,0][0.185954,-2.37401,-0.574946][0.1082,-0.9362,-0.3344][0.743608,0.277487,0][-0,-2.37401,-0.60427][-0,-0.9362,-0.3514][0.756502,0.277487,0][-0,-2.23185,-0.915052][-0,-0.8726,-0.4885][0.756502,0.289931,0][0.281594,-2.23185,-0.870646][0.1505,-0.8726,-0.4647][0.736977,0.289931,0][0.536856,-2.23185,-0.741016][0.2866,-0.8726,-0.3956][0.719278,0.289931,0][0.354522,-2.37401,-0.489344][0.2062,-0.9362,-0.2846][0.73192,0.277487,0][0.354522,-2.37401,-0.489344][0.2062,-0.9362,-0.2846][0.73192,0.277487,0][0.185954,-2.37401,-0.574946][0.1083,-0.9362,-0.3343][0.743608,0.277487,0][0.281594,-2.23185,-0.870646][0.1505,-0.8726,-0.4647][0.736977,0.289931,0][0.536856,-2.23185,-0.741016][0.2866,-0.8726,-0.3956][0.719278,0.289931,0][0.739566,-2.23185,-0.538852][0.3948,-0.8726,-0.2877][0.705222,0.289931,0][0.488386,-2.37401,-0.35584][0.284,-0.9362,-0.207][0.722638,0.277487,0][0.488386,-2.37401,-0.35584][0.284,-0.9362,-0.2069][0.722638,0.277487,0][0.354522,-2.37401,-0.489344][0.2062,-0.9362,-0.2846][0.73192,0.277487,0][0.536856,-2.23185,-0.741016][0.2866,-0.8726,-0.3956][0.719278,0.289931,0][0.739566,-2.23185,-0.538852][0.3948,-0.8726,-0.2876][0.705222,0.289931,0][0.869884,-2.23185,-0.283938][0.4644,-0.8726,-0.1516][0.696186,0.289931,0][0.574442,-2.37401,-0.187504][0.3341,-0.9362,-0.1091][0.716671,0.277487,0][0.574442,-2.37401,-0.187504][0.3341,-0.9362,-0.109][0.716671,0.277487,0][0.488386,-2.37401,-0.35584][0.284,-0.9362,-0.2069][0.722638,0.277487,0][0.739566,-2.23185,-0.538852][0.3948,-0.8726,-0.2876][0.705222,0.289931,0][0.869884,-2.23185,-0.283938][0.4644,-0.8726,-0.1515][0.696186,0.289931,0][0.91505,-2.23185,-0.001234][0.4885,-0.8726,-0.0007][0.693054,0.289931,0][0.60427,-2.37401,-0.000814][0.3514,-0.9362,-0.0005][0.714603,0.277487,0][0.60427,-2.37401,-0.000814][0.3514,-0.9362,-0.0005][0.714603,0.277487,0][0.574442,-2.37401,-0.187504][0.3341,-0.9362,-0.109][0.716671,0.277487,0][0.869884,-2.23185,-0.283938][0.4644,-0.8726,-0.1515][0.696186,0.289931,0][0.91505,-2.23185,-0.001234][0.4885,-0.8726,-0.0006][0.155451,0.28264,0][0.870646,-2.23185,0.281594][0.4648,-0.8726,0.1503][0.158504,0.28264,0][0.574946,-2.37401,0.185954][0.3344,-0.9362,0.1081][0.178832,0.270196,0][0.574946,-2.37401,0.185954][0.3344,-0.9362,0.1081][0.178832,0.270196,0][0.60427,-2.37401,-0.000814][0.3514,-0.9362,-0.0005][0.176816,0.270196,0][0.91505,-2.23185,-0.001234][0.4885,-0.8725,-0.0006][0.155451,0.28264,0][0.870646,-2.23185,0.281594][0.4648,-0.8726,0.1503][0.158504,0.28264,0][0.741016,-2.23185,0.536856][0.3956,-0.8726,0.2866][0.167416,0.28264,0][0.489344,-2.37401,0.354522][0.2846,-0.9362,0.2062][0.184717,0.270196,0][0.489344,-2.37401,0.354522][0.2846,-0.9362,0.2062][0.184717,0.270196,0][0.574946,-2.37401,0.185954][0.3344,-0.9362,0.1082][0.178832,0.270196,0][0.870646,-2.23185,0.281594][0.4648,-0.8726,0.1504][0.158504,0.28264,0][0.741016,-2.23185,0.536856][0.3956,-0.8726,0.2866][0.167416,0.28264,0][0.53885,-2.23185,0.739568][0.2877,-0.8726,0.3948][0.181314,0.28264,0][0.35584,-2.37401,0.488386][0.2069,-0.9362,0.284][0.193895,0.270196,0][0.35584,-2.37401,0.488386][0.2069,-0.9362,0.284][0.193895,0.270196,0][0.489344,-2.37401,0.354522][0.2846,-0.9362,0.2062][0.184717,0.270196,0][0.741016,-2.23185,0.536856][0.3956,-0.8726,0.2866][0.167416,0.28264,0][0.715822,-2.03549,0.982456][0.366,-0.7834,0.5023][0.169148,0.299828,0][0.37719,-2.03549,1.15557][0.1927,-0.7834,0.5909][0.192427,0.299828,0][0.28394,-2.23185,0.869884][0.1515,-0.8725,0.4645][0.198838,0.28264,0][0.28394,-2.23185,0.869884][0.1515,-0.8725,0.4645][0.198838,0.28264,0][0.53885,-2.23185,0.739568][0.2877,-0.8725,0.3949][0.181314,0.28264,0][0.715822,-2.03549,0.982456][0.366,-0.7834,0.5023][0.169148,0.299828,0][0.37719,-2.03549,1.15557][0.1926,-0.7834,0.5909][0.192427,0.299828,0][0,-2.03549,1.21557][-0,-0.7834,0.6215][0.218357,0.299828,0][0,-2.23185,0.91505][-0,-0.8725,0.4886][0.218357,0.28264,0][0,-2.23185,0.91505][-0,-0.8725,0.4885][0.218357,0.28264,0][0.28394,-2.23185,0.869884][0.1514,-0.8725,0.4645][0.198838,0.28264,0][0.37719,-2.03549,1.15557][0.1926,-0.7834,0.5909][0.192427,0.299828,0][-0,-2.03549,-1.21557][-0,-0.7835,-0.6215][0.756502,0.30712,0][0.374076,-2.03549,-1.15658][0.1914,-0.7834,-0.5912][0.730564,0.30712,0][0.281594,-2.23185,-0.870646][0.1505,-0.8726,-0.4648][0.736977,0.289931,0][0.281594,-2.23185,-0.870646][0.1505,-0.8726,-0.4648][0.736977,0.289931,0][-0,-2.23185,-0.915052][-0,-0.8726,-0.4885][0.756502,0.289931,0][-0,-2.03549,-1.21557][-0,-0.7835,-0.6215][0.756502,0.30712,0][0.374076,-2.03549,-1.15658][0.1915,-0.7834,-0.5912][0.730564,0.30712,0][0.713168,-2.03549,-0.984378][0.3646,-0.7834,-0.5033][0.707052,0.30712,0][0.536856,-2.23185,-0.741016][0.2866,-0.8725,-0.3956][0.719278,0.289931,0][0.536856,-2.23185,-0.741016][0.2866,-0.8725,-0.3956][0.719278,0.289931,0][0.281594,-2.23185,-0.870646][0.1505,-0.8725,-0.4648][0.736977,0.289931,0][0.374076,-2.03549,-1.15658][0.1915,-0.7834,-0.5913][0.730564,0.30712,0][0.713168,-2.03549,-0.984378][0.3646,-0.7834,-0.5033][0.707052,0.30712,0][0.982456,-2.03549,-0.715822][0.5023,-0.7834,-0.366][0.688381,0.30712,0][0.739566,-2.23185,-0.538852][0.3948,-0.8725,-0.2877][0.705222,0.289931,0][0.739566,-2.23185,-0.538852][0.3948,-0.8725,-0.2877][0.705222,0.289931,0][0.536856,-2.23185,-0.741016][0.2866,-0.8725,-0.3956][0.719278,0.289931,0][0.713168,-2.03549,-0.984378][0.3646,-0.7834,-0.5033][0.707052,0.30712,0][0.982456,-2.03549,-0.715822][0.5023,-0.7834,-0.366][0.688381,0.30712,0][1.15557,-2.03549,-0.377188][0.5908,-0.7834,-0.1928][0.676378,0.30712,0][0.869884,-2.23185,-0.283938][0.4644,-0.8725,-0.1516][0.696186,0.289931,0][0.869884,-2.23185,-0.283938][0.4644,-0.8725,-0.1516][0.696186,0.289931,0][0.739566,-2.23185,-0.538852][0.3949,-0.8725,-0.2877][0.705222,0.289931,0][0.982456,-2.03549,-0.715822][0.5023,-0.7834,-0.366][0.688381,0.30712,0][1.15557,-2.03549,-0.377188][0.5908,-0.7834,-0.1928][0.676378,0.30712,0][1.21557,-2.03549,-0.001638][0.6215,-0.7834,-0.0008][0.672217,0.30712,0][0.91505,-2.23185,-0.001234][0.4885,-0.8725,-0.0007][0.693054,0.289931,0][0.91505,-2.23185,-0.001234][0.4885,-0.8725,-0.0007][0.693054,0.289931,0][0.869884,-2.23185,-0.283938][0.4644,-0.8725,-0.1516][0.696186,0.289931,0][1.15557,-2.03549,-0.377188][0.5908,-0.7834,-0.1928][0.676378,0.30712,0][1.21557,-2.03549,-0.001638][0.6215,-0.7834,-0.0008][0.134792,0.299829,0][1.15658,-2.03549,0.374076][0.5913,-0.7834,0.1912][0.138847,0.299829,0][0.870646,-2.23185,0.281594][0.4648,-0.8725,0.1503][0.158504,0.28264,0][0.870646,-2.23185,0.281594][0.4648,-0.8725,0.1503][0.158504,0.28264,0][0.91505,-2.23185,-0.001234][0.4885,-0.8725,-0.0006][0.155451,0.28264,0][1.21557,-2.03549,-0.001638][0.6215,-0.7834,-0.0008][0.134792,0.299829,0][1.15658,-2.03549,0.374076][0.5913,-0.7834,0.1913][0.138847,0.299829,0][0.984378,-2.03549,0.713168][0.5033,-0.7834,0.3646][0.150685,0.299828,0][0.741016,-2.23185,0.536856][0.3956,-0.8725,0.2866][0.167416,0.28264,0][0.741016,-2.23185,0.536856][0.3956,-0.8725,0.2866][0.167416,0.28264,0][0.870646,-2.23185,0.281594][0.4648,-0.8725,0.1504][0.158504,0.28264,0][1.15658,-2.03549,0.374076][0.5913,-0.7834,0.1913][0.138847,0.299829,0][0.984378,-2.03549,0.713168][0.5033,-0.7834,0.3646][0.150685,0.299828,0][0.715822,-2.03549,0.982456][0.366,-0.7834,0.5023][0.169148,0.299828,0][0.53885,-2.23185,0.739568][0.2877,-0.8725,0.3948][0.181314,0.28264,0][0.53885,-2.23185,0.739568][0.2877,-0.8725,0.3948][0.181314,0.28264,0][0.741016,-2.23185,0.536856][0.3956,-0.8725,0.2866][0.167416,0.28264,0][0.984378,-2.03549,0.713168][0.5033,-0.7834,0.3646][0.150685,0.299828,0][0.87328,-1.78676,1.19857][0.4402,-0.6642,0.6042][0.158323,0.321601,0][0.46016,-1.78676,1.40976][0.2318,-0.6642,0.7108][0.186723,0.321601,0][0.37719,-2.03549,1.15557][0.1927,-0.7834,0.5909][0.192427,0.299828,0][0.37719,-2.03549,1.15557][0.1927,-0.7834,0.5909][0.192427,0.299828,0][0.715822,-2.03549,0.982456][0.366,-0.7834,0.5023][0.169148,0.299828,0][0.87328,-1.78676,1.19857][0.4402,-0.6642,0.6042][0.158323,0.321601,0][0.46016,-1.78676,1.40976][0.2317,-0.6642,0.7108][0.186723,0.321601,0][0,-1.78676,1.48296][-0,-0.6642,0.7476][0.218357,0.321601,0][0,-2.03549,1.21557][-0,-0.7834,0.6215][0.218357,0.299828,0][0,-2.03549,1.21557][-0,-0.7834,0.6215][0.218357,0.299828,0][0.37719,-2.03549,1.15557][0.1926,-0.7834,0.5909][0.192427,0.299828,0][0.46016,-1.78676,1.40976][0.2317,-0.6642,0.7108][0.186723,0.321601,0][-0,-1.78676,-1.48296][-0,-0.6642,-0.7475][0.756502,0.328892,0][0.45636,-1.78676,-1.411][0.2303,-0.6642,-0.7112][0.724859,0.328892,0][0.374076,-2.03549,-1.15658][0.1915,-0.7834,-0.5913][0.730564,0.30712,0][0.374076,-2.03549,-1.15658][0.1914,-0.7834,-0.5913][0.730564,0.30712,0][-0,-2.03549,-1.21557][-0,-0.7834,-0.6215][0.756502,0.30712,0][-0,-1.78676,-1.48296][-0,-0.6642,-0.7475][0.756502,0.328892,0][0.45636,-1.78676,-1.411][0.2303,-0.6642,-0.7112][0.724859,0.328892,0][0.870044,-1.78676,-1.20091][0.4386,-0.6642,-0.6054][0.696175,0.328892,0][0.713168,-2.03549,-0.984378][0.3646,-0.7834,-0.5033][0.707052,0.30712,0][0.713168,-2.03549,-0.984378][0.3646,-0.7834,-0.5033][0.707052,0.30712,0][0.374076,-2.03549,-1.15658][0.1915,-0.7834,-0.5913][0.730564,0.30712,0][0.45636,-1.78676,-1.411][0.2303,-0.6642,-0.7112][0.724859,0.328892,0][0.870044,-1.78676,-1.20091][0.4386,-0.6642,-0.6054][0.696175,0.328892,0][1.19857,-1.78676,-0.87328][0.6042,-0.6642,-0.4403][0.673396,0.328892,0][0.982456,-2.03549,-0.715822][0.5023,-0.7834,-0.366][0.688381,0.30712,0][0.982456,-2.03549,-0.715822][0.5023,-0.7834,-0.366][0.688381,0.30712,0][0.713168,-2.03549,-0.984378][0.3646,-0.7834,-0.5033][0.707052,0.30712,0][0.870044,-1.78676,-1.20091][0.4386,-0.6642,-0.6054][0.696175,0.328892,0][1.19857,-1.78676,-0.87328][0.6042,-0.6642,-0.4402][0.673396,0.328892,0][1.40976,-1.78676,-0.46016][0.7107,-0.6642,-0.232][0.658753,0.328892,0][1.15557,-2.03549,-0.377188][0.5908,-0.7834,-0.1929][0.676378,0.30712,0][1.15557,-2.03549,-0.377188][0.5908,-0.7834,-0.1929][0.676378,0.30712,0][0.982456,-2.03549,-0.715822][0.5023,-0.7834,-0.366][0.688381,0.30712,0][1.19857,-1.78676,-0.87328][0.6042,-0.6642,-0.4402][0.673396,0.328892,0][1.40976,-1.78676,-0.46016][0.7107,-0.6642,-0.232][0.658753,0.328892,0][1.48296,-1.78676,-0.001998][0.7476,-0.6642,-0.001][0.653677,0.328892,0][1.21557,-2.03549,-0.001638][0.6215,-0.7834,-0.0009][0.672217,0.30712,0][1.21557,-2.03549,-0.001638][0.6215,-0.7834,-0.0009][0.672217,0.30712,0][1.15557,-2.03549,-0.377188][0.5908,-0.7834,-0.1928][0.676378,0.30712,0][1.40976,-1.78676,-0.46016][0.7107,-0.6642,-0.2319][0.658753,0.328892,0][1.48296,-1.78676,-0.001998][0.7476,-0.6642,-0.001][0.11641,0.321601,0][1.411,-1.78676,0.45636][0.7113,-0.6642,0.23][0.121357,0.321601,0][1.15658,-2.03549,0.374076][0.5914,-0.7834,0.1912][0.138847,0.299829,0][1.15658,-2.03549,0.374076][0.5913,-0.7834,0.1912][0.138847,0.299829,0][1.21557,-2.03549,-0.001638][0.6215,-0.7834,-0.0008][0.134792,0.299829,0][1.48296,-1.78676,-0.001998][0.7476,-0.6642,-0.001][0.11641,0.321601,0][1.411,-1.78676,0.45636][0.7113,-0.6642,0.2301][0.121357,0.321601,0][1.20091,-1.78676,0.870044][0.6054,-0.6642,0.4386][0.1358,0.321601,0][0.984378,-2.03549,0.713168][0.5033,-0.7834,0.3646][0.150685,0.299828,0][0.984378,-2.03549,0.713168][0.5033,-0.7834,0.3646][0.150685,0.299828,0][1.15658,-2.03549,0.374076][0.5913,-0.7834,0.1913][0.138847,0.299829,0][1.411,-1.78676,0.45636][0.7113,-0.6642,0.2301][0.121357,0.321601,0][1.20091,-1.78676,0.870044][0.6054,-0.6642,0.4386][0.1358,0.321601,0][0.87328,-1.78676,1.19857][0.4403,-0.6642,0.6042][0.158323,0.321601,0][0.715822,-2.03549,0.982456][0.366,-0.7834,0.5023][0.169148,0.299828,0][0.715822,-2.03549,0.982456][0.366,-0.7834,0.5023][0.169148,0.299828,0][0.984378,-2.03549,0.713168][0.5033,-0.7834,0.3646][0.150685,0.299828,0][1.20091,-1.78676,0.870044][0.6054,-0.6642,0.4386][0.1358,0.321601,0][1.00436,-1.48964,1.37848][0.5067,-0.5096,0.6954][0.149312,0.347609,0][0.52923,-1.48964,1.62138][0.2667,-0.5096,0.818][0.181975,0.347609,0][0.46016,-1.78676,1.40976][0.2318,-0.6641,0.7108][0.186723,0.321601,0][0.46016,-1.78676,1.40976][0.2318,-0.6641,0.7108][0.186723,0.321601,0][0.87328,-1.78676,1.19857][0.4402,-0.6641,0.6043][0.158323,0.321601,0][1.00436,-1.48964,1.37848][0.5067,-0.5096,0.6954][0.149312,0.347609,0][0.52923,-1.48964,1.62138][0.2667,-0.5096,0.8181][0.181975,0.347609,0][0,-1.48964,1.70557][-0,-0.5096,0.8604][0.218357,0.347609,0][0,-1.78676,1.48296][-0,-0.6641,0.7476][0.218357,0.321601,0][0,-1.78676,1.48296][-0,-0.6641,0.7476][0.218357,0.321601,0][0.46016,-1.78676,1.40976][0.2317,-0.6641,0.7108][0.186723,0.321601,0][0.52923,-1.48964,1.62138][0.2667,-0.5096,0.8181][0.181975,0.347609,0][-0,-1.48964,-1.70557][-0,-0.5096,-0.8604][0.756502,0.354901,0][0.524864,-1.48964,-1.6228][0.265,-0.5096,-0.8186][0.720109,0.354901,0][0.45636,-1.78676,-1.411][0.2303,-0.6642,-0.7112][0.724859,0.328892,0][0.45636,-1.78676,-1.411][0.2303,-0.6642,-0.7112][0.724859,0.328892,0][-0,-1.78676,-1.48296][-0,-0.6642,-0.7476][0.756502,0.328892,0][-0,-1.48964,-1.70557][-0,-0.5096,-0.8604][0.756502,0.354901,0][0.524864,-1.48964,-1.6228][0.2651,-0.5096,-0.8186][0.720109,0.354901,0][1.00064,-1.48964,-1.38118][0.5048,-0.5096,-0.6968][0.68712,0.354901,0][0.870044,-1.78676,-1.20091][0.4386,-0.6641,-0.6054][0.696175,0.328892,0][0.870044,-1.78676,-1.20091][0.4386,-0.6642,-0.6054][0.696175,0.328892,0][0.45636,-1.78676,-1.411][0.2303,-0.6642,-0.7112][0.724859,0.328892,0][0.524864,-1.48964,-1.6228][0.2651,-0.5096,-0.8186][0.720109,0.354901,0][1.00064,-1.48964,-1.38118][0.5048,-0.5096,-0.6968][0.68712,0.354901,0][1.37848,-1.48964,-1.00437][0.6954,-0.5096,-0.5067][0.660922,0.354901,0][1.19857,-1.78676,-0.87328][0.6042,-0.6641,-0.4403][0.673396,0.328892,0][1.19857,-1.78676,-0.87328][0.6042,-0.6642,-0.4403][0.673396,0.328892,0][0.870044,-1.78676,-1.20091][0.4386,-0.6641,-0.6054][0.696175,0.328892,0][1.00064,-1.48964,-1.38118][0.5048,-0.5096,-0.6968][0.68712,0.354901,0][1.37848,-1.48964,-1.00437][0.6954,-0.5096,-0.5067][0.660922,0.354901,0][1.62138,-1.48964,-0.52923][0.8179,-0.5096,-0.267][0.644079,0.354901,0][1.40976,-1.78676,-0.46016][0.7107,-0.6642,-0.232][0.658753,0.328892,0][1.40976,-1.78676,-0.46016][0.7107,-0.6642,-0.232][0.658753,0.328892,0][1.19857,-1.78676,-0.87328][0.6043,-0.6641,-0.4402][0.673396,0.328892,0][1.37848,-1.48964,-1.00437][0.6954,-0.5096,-0.5067][0.660922,0.354901,0][1.62138,-1.48964,-0.52923][0.818,-0.5096,-0.267][0.644079,0.354901,0][1.70557,-1.48964,-0.002302][0.8604,-0.5096,-0.0012][0.638242,0.354901,0][1.48296,-1.78676,-0.001998][0.7476,-0.6642,-0.001][0.653677,0.328892,0][1.48296,-1.78676,-0.001998][0.7476,-0.6642,-0.001][0.653677,0.328892,0][1.40976,-1.78676,-0.46016][0.7107,-0.6642,-0.232][0.658753,0.328892,0][1.62138,-1.48964,-0.52923][0.818,-0.5096,-0.267][0.644079,0.354901,0][1.70557,-1.48964,-0.002302][0.8604,-0.5096,-0.0011][0.101107,0.347609,0][1.6228,-1.48964,0.524864][0.8187,-0.5096,0.2648][0.106797,0.347609,0][1.411,-1.78676,0.45636][0.7113,-0.6641,0.23][0.121357,0.321601,0][1.411,-1.78676,0.45636][0.7113,-0.6642,0.23][0.121357,0.321601,0][1.48296,-1.78676,-0.001998][0.7476,-0.6642,-0.001][0.11641,0.321601,0][1.70557,-1.48964,-0.002302][0.8604,-0.5096,-0.0011][0.101107,0.347609,0][1.6228,-1.48964,0.524864][0.8187,-0.5096,0.2648][0.106797,0.347609,0][1.38118,-1.48964,1.00064][0.6968,-0.5096,0.5048][0.123407,0.347609,0][1.20091,-1.78676,0.870044][0.6054,-0.6641,0.4386][0.1358,0.321601,0][1.20091,-1.78676,0.870044][0.6054,-0.6642,0.4386][0.1358,0.321601,0][1.411,-1.78676,0.45636][0.7113,-0.6641,0.2301][0.121357,0.321601,0][1.6228,-1.48964,0.524864][0.8187,-0.5096,0.2648][0.106797,0.347609,0][1.38118,-1.48964,1.00064][0.6968,-0.5096,0.5048][0.123407,0.347609,0][1.00436,-1.48964,1.37848][0.5067,-0.5096,0.6954][0.149312,0.347609,0][0.87328,-1.78676,1.19857][0.4403,-0.6641,0.6042][0.158323,0.321601,0][0.87328,-1.78676,1.19857][0.4403,-0.6641,0.6042][0.158323,0.321601,0][1.20091,-1.78676,0.870044][0.6054,-0.6641,0.4386][0.1358,0.321601,0][1.38118,-1.48964,1.00064][0.6968,-0.5096,0.5048][0.123407,0.347609,0][1.09654,-1.15434,1.50499][0.5555,-0.3318,0.7624][0.142975,0.37696,0][0.5778,-1.15434,1.77018][0.2924,-0.3319,0.8969][0.178636,0.37696,0][0.52923,-1.48964,1.62138][0.2668,-0.5095,0.8181][0.181975,0.347609,0][0.52923,-1.48964,1.62138][0.2668,-0.5095,0.818][0.181975,0.347609,0][1.00436,-1.48964,1.37848][0.5067,-0.5095,0.6955][0.149312,0.347609,0][1.09654,-1.15434,1.50499][0.5555,-0.3318,0.7625][0.142975,0.37696,0][0.5778,-1.15434,1.77018][0.2924,-0.3318,0.8969][0.178636,0.37696,0][0,-1.15434,1.86209][-0,-0.3318,0.9433][0.218357,0.37696,0][0,-1.48964,1.70557][-0,-0.5095,0.8605][0.218357,0.347609,0][0,-1.48964,1.70557][-0,-0.5095,0.8605][0.218357,0.347609,0][0.52923,-1.48964,1.62138][0.2667,-0.5095,0.8181][0.181975,0.347609,0][0.5778,-1.15434,1.77018][0.2924,-0.3318,0.8969][0.178636,0.37696,0][-0,-1.15434,-1.86209][-0,-0.3318,-0.9433][0.756502,0.384251,0][0.57303,-1.15434,-1.77172][0.2906,-0.3319,-0.8975][0.716769,0.384251,0][0.524864,-1.48964,-1.6228][0.265,-0.5095,-0.8186][0.720109,0.354901,0][0.524864,-1.48964,-1.6228][0.265,-0.5095,-0.8186][0.720109,0.354901,0][-0,-1.48964,-1.70557][-0,-0.5096,-0.8604][0.756502,0.354901,0][-0,-1.15434,-1.86209][-0,-0.3318,-0.9433][0.756502,0.384251,0][0.57303,-1.15434,-1.77172][0.2906,-0.3319,-0.8974][0.716769,0.384251,0][1.09248,-1.15434,-1.50794][0.5534,-0.3319,-0.7639][0.680752,0.384251,0][1.00064,-1.48964,-1.38118][0.5048,-0.5095,-0.6968][0.68712,0.354901,0][1.00064,-1.48964,-1.38118][0.5048,-0.5096,-0.6968][0.68712,0.354901,0][0.524864,-1.48964,-1.6228][0.2651,-0.5095,-0.8186][0.720109,0.354901,0][0.57303,-1.15434,-1.77172][0.2906,-0.3319,-0.8974][0.716769,0.384251,0][1.09248,-1.15434,-1.50794][0.5535,-0.3318,-0.7639][0.680752,0.384251,0][1.50498,-1.15434,-1.09654][0.7624,-0.3319,-0.5555][0.65215,0.384251,0][1.37848,-1.48964,-1.00437][0.6954,-0.5095,-0.5067][0.660922,0.354901,0][1.37848,-1.48964,-1.00437][0.6954,-0.5095,-0.5067][0.660922,0.354901,0][1.00064,-1.48964,-1.38118][0.5049,-0.5095,-0.6968][0.68712,0.354901,0][1.09248,-1.15434,-1.50794][0.5535,-0.3318,-0.7639][0.680752,0.384251,0][1.50498,-1.15434,-1.09654][0.7624,-0.3318,-0.5555][0.65215,0.384251,0][1.77018,-1.15434,-0.5778][0.8968,-0.3318,-0.2927][0.633762,0.384251,0][1.62138,-1.48964,-0.52923][0.818,-0.5095,-0.267][0.644079,0.354901,0][1.62138,-1.48964,-0.52923][0.818,-0.5095,-0.267][0.644079,0.354901,0][1.37848,-1.48964,-1.00437][0.6955,-0.5095,-0.5067][0.660922,0.354901,0][1.50498,-1.15434,-1.09654][0.7624,-0.3318,-0.5555][0.65215,0.384251,0][1.77018,-1.15434,-0.5778][0.8968,-0.3318,-0.2927][0.633762,0.384251,0][1.86209,-1.15434,-0.00251][0.9433,-0.3318,-0.0013][0.627389,0.384251,0][1.70557,-1.48964,-0.002302][0.8604,-0.5095,-0.0012][0.638242,0.354901,0][1.70557,-1.48964,-0.002302][0.8604,-0.5095,-0.0012][0.638242,0.354901,0][1.62138,-1.48964,-0.52923][0.818,-0.5095,-0.267][0.644079,0.354901,0][1.77018,-1.15434,-0.5778][0.8968,-0.3318,-0.2927][0.633762,0.384251,0][1.86209,-1.15434,-0.00251][0.9433,-0.3318,-0.0012][0.090347,0.37696,0][1.77172,-1.15434,0.57303][0.8976,-0.3318,0.2903][0.096559,0.37696,0][1.6228,-1.48964,0.524864][0.8187,-0.5095,0.2648][0.106797,0.347609,0][1.6228,-1.48964,0.524864][0.8187,-0.5095,0.2648][0.106797,0.347609,0][1.70557,-1.48964,-0.002302][0.8605,-0.5095,-0.0011][0.101107,0.347609,0][1.86209,-1.15434,-0.00251][0.9433,-0.3318,-0.0012][0.090347,0.37696,0][1.77172,-1.15434,0.57303][0.8976,-0.3318,0.2903][0.096559,0.37696,0][1.50794,-1.15434,1.09248][0.7639,-0.3319,0.5534][0.114693,0.37696,0][1.38118,-1.48964,1.00064][0.6968,-0.5095,0.5048][0.123407,0.347609,0][1.38118,-1.48964,1.00064][0.6968,-0.5096,0.5048][0.123407,0.347609,0][1.6228,-1.48964,0.524864][0.8187,-0.5095,0.2648][0.106797,0.347609,0][1.77172,-1.15434,0.57303][0.8976,-0.3318,0.2903][0.096559,0.37696,0][1.50794,-1.15434,1.09248][0.7639,-0.3318,0.5535][0.114693,0.37696,0][1.09654,-1.15434,1.50499][0.5555,-0.3318,0.7624][0.142975,0.37696,0][1.00436,-1.48964,1.37848][0.5067,-0.5095,0.6954][0.149312,0.347609,0][1.00436,-1.48964,1.37848][0.5067,-0.5095,0.6954][0.149312,0.347609,0][1.38118,-1.48964,1.00064][0.6968,-0.5095,0.5049][0.123407,0.347609,0][1.50794,-1.15434,1.09248][0.7639,-0.3319,0.5535][0.114693,0.37696,0][1.15026,-0.791014,1.57871][0.5823,-0.1481,0.7993][0.139282,0.408764,0][0.606106,-0.791014,1.8569][0.3066,-0.1481,0.9402][0.17669,0.408764,0][0.5778,-1.15434,1.77018][0.2924,-0.3318,0.8969][0.178636,0.37696,0][0.5778,-1.15434,1.77018][0.2924,-0.3318,0.8969][0.178636,0.37696,0][1.09654,-1.15434,1.50499][0.5555,-0.3318,0.7625][0.142975,0.37696,0][1.15026,-0.791014,1.57871][0.5823,-0.1482,0.7993][0.139282,0.408764,0][0.606106,-0.791014,1.8569][0.3065,-0.1481,0.9403][0.17669,0.408764,0][0,-0.791014,1.95331][-0,-0.1481,0.989][0.218357,0.408764,0][0,-1.15434,1.86209][-0,-0.3318,0.9434][0.218357,0.37696,0][0,-1.15434,1.86209][-0,-0.3318,0.9434][0.218357,0.37696,0][0.5778,-1.15434,1.77018][0.2924,-0.3318,0.8969][0.178636,0.37696,0][0.606106,-0.791014,1.8569][0.3065,-0.1481,0.9403][0.17669,0.408764,0][-0,-0.791014,-1.95331][-0,-0.1481,-0.989][0.756502,0.416055,0][0.601104,-0.791014,-1.85852][0.3046,-0.1481,-0.9409][0.714823,0.416055,0][0.57303,-1.15434,-1.77172][0.2906,-0.3318,-0.8975][0.716769,0.384251,0][0.57303,-1.15434,-1.77172][0.2906,-0.3318,-0.8975][0.716769,0.384251,0][-0,-1.15434,-1.86209][0.0001,-0.3318,-0.9434][0.756502,0.384251,0][-0,-0.791014,-1.95331][-0,-0.1481,-0.989][0.756502,0.416055,0][0.601104,-0.791014,-1.85852][0.3047,-0.1482,-0.9409][0.714823,0.416055,0][1.146,-0.791014,-1.58181][0.5802,-0.1481,-0.8009][0.677041,0.416055,0][1.09248,-1.15434,-1.50794][0.5534,-0.3318,-0.764][0.680752,0.384251,0][1.09248,-1.15434,-1.50794][0.5534,-0.3318,-0.764][0.680752,0.384251,0][0.57303,-1.15434,-1.77172][0.2906,-0.3318,-0.8975][0.716769,0.384251,0][0.601104,-0.791014,-1.85852][0.3047,-0.1482,-0.9409][0.714823,0.416055,0][1.146,-0.791014,-1.58181][0.5802,-0.1481,-0.8009][0.677041,0.416055,0][1.57871,-0.791014,-1.15026][0.7993,-0.1481,-0.5824][0.647038,0.416055,0][1.50498,-1.15434,-1.09654][0.7624,-0.3318,-0.5555][0.65215,0.384251,0][1.50498,-1.15434,-1.09654][0.7624,-0.3318,-0.5555][0.65215,0.384251,0][1.09248,-1.15434,-1.50794][0.5535,-0.3318,-0.7639][0.680752,0.384251,0][1.146,-0.791014,-1.58181][0.5802,-0.1481,-0.8009][0.677041,0.416055,0][1.57871,-0.791014,-1.15026][0.7993,-0.1482,-0.5823][0.647038,0.416055,0][1.8569,-0.791014,-0.606106][0.9401,-0.1481,-0.3069][0.627749,0.416055,0][1.77018,-1.15434,-0.5778][0.8968,-0.3318,-0.2928][0.633762,0.384251,0][1.77018,-1.15434,-0.5778][0.8968,-0.3318,-0.2928][0.633762,0.384251,0][1.50498,-1.15434,-1.09654][0.7625,-0.3318,-0.5555][0.65215,0.384251,0][1.57871,-0.791014,-1.15026][0.7993,-0.1482,-0.5823][0.647038,0.416055,0][1.8569,-0.791014,-0.606106][0.9402,-0.1482,-0.3068][0.627749,0.416055,0][1.95331,-0.791014,-0.002634][0.989,-0.1481,-0.0014][0.621064,0.416055,0][1.86209,-1.15434,-0.00251][0.9434,-0.3318,-0.0013][0.627389,0.384251,0][1.86209,-1.15434,-0.00251][0.9433,-0.3318,-0.0013][0.627389,0.384251,0][1.77018,-1.15434,-0.5778][0.8968,-0.3318,-0.2927][0.633762,0.384251,0][1.8569,-0.791014,-0.606106][0.9402,-0.1481,-0.3068][0.627749,0.416055,0][1.95331,-0.791014,-0.002634][0.989,-0.1481,-0.0013][0.084076,0.408764,0][1.85852,-0.791014,0.601104][0.941,-0.1482,0.3043][0.090592,0.408764,0][1.77172,-1.15434,0.57303][0.8976,-0.3318,0.2903][0.096559,0.37696,0][1.77172,-1.15434,0.57303][0.8976,-0.3318,0.2903][0.096559,0.37696,0][1.86209,-1.15434,-0.00251][0.9433,-0.3318,-0.0012][0.090347,0.37696,0][1.95331,-0.791014,-0.002634][0.989,-0.1481,-0.0013][0.084076,0.408764,0][1.85852,-0.791014,0.601104][0.941,-0.1482,0.3044][0.090592,0.408764,0][1.58181,-0.791014,1.146][0.8009,-0.1481,0.5802][0.109615,0.408764,0][1.50794,-1.15434,1.09248][0.764,-0.3318,0.5534][0.114693,0.37696,0][1.50794,-1.15434,1.09248][0.764,-0.3318,0.5534][0.114693,0.37696,0][1.77172,-1.15434,0.57303][0.8976,-0.3318,0.2903][0.096559,0.37696,0][1.85852,-0.791014,0.601104][0.941,-0.1482,0.3044][0.090592,0.408764,0][1.58181,-0.791014,1.146][0.8008,-0.1482,0.5803][0.109615,0.408764,0][1.15026,-0.791014,1.57871][0.5824,-0.1481,0.7993][0.139282,0.408764,0][1.09654,-1.15434,1.50499][0.5555,-0.3318,0.7624][0.142975,0.37696,0][1.09654,-1.15434,1.50499][0.5555,-0.3318,0.7624][0.142975,0.37696,0][1.50794,-1.15434,1.09248][0.7639,-0.3318,0.5535][0.114693,0.37696,0][1.58181,-0.791014,1.146][0.8008,-0.1481,0.5803][0.109615,0.408764,0][1.1625,-0.407572,1.59552][0.5888,-0.0046,0.8082][0.13844,0.442328,0][0.612556,-0.407572,1.87666][0.31,-0.0046,0.9507][0.176247,0.442328,0][0.606106,-0.791014,1.8569][0.3066,-0.1481,0.9402][0.17669,0.408764,0][0.606106,-0.791014,1.8569][0.3066,-0.1481,0.9403][0.17669,0.408764,0][1.15026,-0.791014,1.57871][0.5824,-0.1481,0.7993][0.139282,0.408764,0][1.1625,-0.407572,1.59552][0.5888,-0.0046,0.8082][0.13844,0.442328,0][0.612556,-0.407572,1.87666][0.3099,-0.0046,0.9507][0.176247,0.442328,0][0,-0.407572,1.97409][-0,-0.0046,1][0.218357,0.442328,0][0,-0.791014,1.95331][-0,-0.1481,0.989][0.218357,0.408764,0][0,-0.791014,1.95331][-0,-0.1481,0.989][0.218357,0.408764,0][0.606106,-0.791014,1.8569][0.3065,-0.1481,0.9403][0.17669,0.408764,0][0.612556,-0.407572,1.87666][0.3099,-0.0046,0.9507][0.176247,0.442328,0][-0,-0.407572,-1.97409][0.0001,-0.0047,-1][0.756502,0.449619,0][0.6075,-0.407572,-1.8783][0.308,-0.0046,-0.9514][0.714379,0.449619,0][0.601104,-0.791014,-1.85852][0.3046,-0.1481,-0.9409][0.714823,0.416055,0][0.601104,-0.791014,-1.85852][0.3046,-0.1481,-0.9409][0.714823,0.416055,0][-0,-0.791014,-1.95331][-0,-0.1481,-0.989][0.756502,0.416055,0][-0,-0.407572,-1.97409][-0,-0.0046,-1][0.756502,0.449619,0][0.6075,-0.407572,-1.8783][0.3081,-0.0046,-0.9514][0.714379,0.449619,0][1.15819,-0.407572,-1.59864][0.5867,-0.0046,-0.8098][0.676196,0.449619,0][1.146,-0.791014,-1.58181][0.5802,-0.1481,-0.8009][0.677041,0.416055,0][1.146,-0.791014,-1.58181][0.5802,-0.1481,-0.8009][0.677041,0.416055,0][0.601104,-0.791014,-1.85852][0.3047,-0.1481,-0.9409][0.714823,0.416055,0][0.6075,-0.407572,-1.8783][0.3081,-0.0046,-0.9513][0.714379,0.449619,0][1.15819,-0.407572,-1.59864][0.5867,-0.0046,-0.8098][0.676196,0.449619,0][1.59552,-0.407572,-1.1625][0.8082,-0.0046,-0.5889][0.645873,0.449619,0][1.57871,-0.791014,-1.15026][0.7993,-0.1481,-0.5824][0.647038,0.416055,0][1.57871,-0.791014,-1.15026][0.7993,-0.1481,-0.5824][0.647038,0.416055,0][1.146,-0.791014,-1.58181][0.5803,-0.1481,-0.8008][0.677041,0.416055,0][1.15819,-0.407572,-1.59864][0.5867,-0.0046,-0.8098][0.676196,0.449619,0][1.59552,-0.407572,-1.1625][0.8082,-0.0046,-0.5888][0.645873,0.449619,0][1.87666,-0.407572,-0.612556][0.9506,-0.0046,-0.3103][0.626379,0.449619,0][1.8569,-0.791014,-0.606106][0.9401,-0.1481,-0.3069][0.627749,0.416055,0][1.8569,-0.791014,-0.606106][0.9401,-0.1481,-0.3069][0.627749,0.416055,0][1.57871,-0.791014,-1.15026][0.7993,-0.1481,-0.5824][0.647038,0.416055,0][1.59552,-0.407572,-1.1625][0.8082,-0.0046,-0.5888][0.645873,0.449619,0][1.87666,-0.407572,-0.612556][0.9506,-0.0046,-0.3102][0.626379,0.449619,0][1.97409,-0.407572,-0.002662][1,-0.0046,-0.0014][0.619623,0.449619,0][1.95331,-0.791014,-0.002634][0.989,-0.1481,-0.0014][0.621064,0.416055,0][1.95331,-0.791014,-0.002634][0.989,-0.1481,-0.0014][0.621064,0.416055,0][1.8569,-0.791014,-0.606106][0.9402,-0.1481,-0.3068][0.627749,0.416055,0][1.87666,-0.407572,-0.612556][0.9506,-0.0046,-0.3102][0.626379,0.449619,0][1.97409,-0.407572,-0.002662][1,-0.0046,-0.0013][0.082647,0.442328,0][1.8783,-0.407572,0.6075][0.9515,-0.0046,0.3077][0.089232,0.442328,0][1.85852,-0.791014,0.601104][0.941,-0.1481,0.3043][0.090592,0.408764,0][1.85852,-0.791014,0.601104][0.941,-0.1481,0.3043][0.090592,0.408764,0][1.95331,-0.791014,-0.002634][0.989,-0.1481,-0.0013][0.084076,0.408764,0][1.97409,-0.407572,-0.002662][1,-0.0046,-0.0013][0.082647,0.442328,0][1.8783,-0.407572,0.6075][0.9514,-0.0046,0.3078][0.089232,0.442328,0][1.59864,-0.407572,1.15819][0.8098,-0.0046,0.5867][0.108458,0.442328,0][1.58181,-0.791014,1.146][0.8009,-0.1481,0.5802][0.109615,0.408764,0][1.58181,-0.791014,1.146][0.8009,-0.1481,0.5802][0.109615,0.408764,0][1.85852,-0.791014,0.601104][0.941,-0.1481,0.3044][0.090592,0.408764,0][1.8783,-0.407572,0.6075][0.9514,-0.0046,0.3078][0.089232,0.442328,0][1.59864,-0.407572,1.15819][0.8098,-0.0046,0.5867][0.108458,0.442328,0][1.1625,-0.407572,1.59552][0.5889,-0.0046,0.8082][0.13844,0.442328,0][1.15026,-0.791014,1.57871][0.5824,-0.1481,0.7993][0.139282,0.408764,0][1.15026,-0.791014,1.57871][0.5824,-0.1481,0.7993][0.139282,0.408764,0][1.58181,-0.791014,1.146][0.8009,-0.1481,0.5803][0.109615,0.408764,0][1.59864,-0.407572,1.15819][0.8098,-0.0046,0.5867][0.108458,0.442328,0][1.11787,0.375452,1.53426][0.5791,0.1812,0.7948][0.141508,0.51087,0][0.589038,0.375452,1.80461][0.3049,0.1813,0.935][0.177863,0.51087,0][0.607112,-0.016588,1.85997][0.3086,0.0955,0.9464][0.176621,0.476553,0][0.607112,-0.016588,1.85997][0.3086,0.0956,0.9464][0.176621,0.476553,0][1.15216,-0.016588,1.58132][0.5862,0.0955,0.8045][0.139151,0.476553,0][1.11787,0.375452,1.53426][0.5791,0.1813,0.7948][0.141508,0.51087,0][0.589038,0.375452,1.80461][0.3048,0.1813,0.935][0.177863,0.51087,0][0,0.375452,1.8983][-0,0.1813,0.9834][0.218357,0.51087,0][0,-0.016588,1.95655][-0,0.0955,0.9954][0.218357,0.476553,0][0,-0.016588,1.95655][-0,0.0955,0.9954][0.218357,0.476553,0][0.607112,-0.016588,1.85997][0.3085,0.0955,0.9464][0.176621,0.476553,0][0.589038,0.375452,1.80461][0.3048,0.1813,0.935][0.177863,0.51087,0][-0,0.375452,-1.8983][-0,0.1812,-0.9834][0.756502,0.518161,0][0.584178,0.375452,-1.80619][0.3029,0.1813,-0.9356][0.715996,0.518161,0][0.602096,-0.016588,-1.86159][0.3066,0.0955,-0.947][0.714754,0.483844,0][0.602096,-0.016588,-1.86159][0.3066,0.0955,-0.947][0.714754,0.483844,0][-0,-0.016588,-1.95655][-0,0.0955,-0.9954][0.756502,0.483844,0][-0,0.375452,-1.8983][0.0001,0.1813,-0.9834][0.756502,0.518161,0][0.584178,0.375452,-1.80619][0.303,0.1813,-0.9356][0.715996,0.518161,0][1.11372,0.375452,-1.53726][0.5769,0.1813,-0.7964][0.679279,0.518161,0][1.14789,-0.016588,-1.58442][0.584,0.0955,-0.8061][0.67691,0.483844,0][1.14789,-0.016588,-1.58442][0.584,0.0955,-0.8061][0.67691,0.483844,0][0.602096,-0.016588,-1.86159][0.3067,0.0955,-0.947][0.714754,0.483844,0][0.584178,0.375452,-1.80619][0.303,0.1813,-0.9356][0.715996,0.518161,0][1.11372,0.375452,-1.53726][0.577,0.1812,-0.7964][0.679279,0.518161,0][1.53426,0.375452,-1.11787][0.7948,0.1813,-0.5792][0.65012,0.518161,0][1.58132,-0.016588,-1.15216][0.8045,0.0955,-0.5862][0.646857,0.483844,0][1.58132,-0.016588,-1.15216][0.8045,0.0955,-0.5862][0.646857,0.483844,0][1.14789,-0.016588,-1.58442][0.584,0.0955,-0.8061][0.67691,0.483844,0][1.11372,0.375452,-1.53726][0.577,0.1813,-0.7964][0.679279,0.518161,0][1.53426,0.375452,-1.11787][0.7948,0.1812,-0.5791][0.65012,0.518161,0][1.80461,0.375452,-0.589038][0.9349,0.1813,-0.3052][0.631375,0.518161,0][1.85997,-0.016588,-0.607112][0.9463,0.0955,-0.3089][0.627536,0.483844,0][1.85997,-0.016588,-0.607112][0.9463,0.0956,-0.3089][0.627536,0.483844,0][1.58132,-0.016588,-1.15216][0.8045,0.0955,-0.5862][0.646857,0.483844,0][1.53426,0.375452,-1.11787][0.7948,0.1813,-0.5791][0.65012,0.518161,0][1.80461,0.375452,-0.589038][0.9349,0.1812,-0.3051][0.631375,0.518161,0][1.8983,0.375452,-0.002562][0.9834,0.1813,-0.0014][0.624878,0.518161,0][1.95655,-0.016588,-0.002636][0.9954,0.0955,-0.0014][0.62084,0.483844,0][1.95655,-0.016588,-0.002636][0.9954,0.0955,-0.0014][0.62084,0.483844,0][1.85997,-0.016588,-0.607112][0.9463,0.0955,-0.3089][0.627536,0.483844,0][1.80461,0.375452,-0.589038][0.9349,0.1813,-0.3051][0.631375,0.518161,0][1.8983,0.375452,-0.002562][0.9834,0.1813,-0.0013][0.087857,0.51087,0][1.80619,0.375452,0.584178][0.9357,0.1813,0.3026][0.094189,0.51087,0][1.86159,-0.016588,0.602096][0.9471,0.0956,0.3063][0.090381,0.476553,0][1.86159,-0.016588,0.602096][0.9471,0.0956,0.3063][0.090381,0.476553,0][1.95655,-0.016588,-0.002636][0.9954,0.0955,-0.0013][0.083853,0.476553,0][1.8983,0.375452,-0.002562][0.9834,0.1813,-0.0013][0.087857,0.51087,0][1.80619,0.375452,0.584178][0.9357,0.1812,0.3027][0.094189,0.51087,0][1.53726,0.375452,1.11372][0.7964,0.1813,0.5769][0.112677,0.51087,0][1.58442,-0.016588,1.14789][0.8061,0.0955,0.584][0.109435,0.476553,0][1.58442,-0.016588,1.14789][0.8061,0.0955,0.584][0.109435,0.476553,0][1.86159,-0.016588,0.602096][0.9471,0.0955,0.3064][0.090381,0.476553,0][1.80619,0.375452,0.584178][0.9357,0.1813,0.3027][0.094189,0.51087,0][1.53726,0.375452,1.11372][0.7964,0.1812,0.577][0.112677,0.51087,0][1.11787,0.375452,1.53426][0.5792,0.1813,0.7948][0.141508,0.51087,0][1.15216,-0.016588,1.58132][0.5862,0.0955,0.8045][0.139151,0.476553,0][1.15216,-0.016588,1.58132][0.5862,0.0955,0.8045][0.139151,0.476553,0][1.58442,-0.016588,1.14789][0.8061,0.0955,0.584][0.109435,0.476553,0][1.53726,0.375452,1.11372][0.7964,0.1813,0.577][0.112677,0.51087,0][1.0679,0.757838,1.46568][0.5655,0.2786,0.7763][0.144944,0.544342,0][0.56271,0.757838,1.72395][0.2977,0.2786,0.9131][0.179673,0.544342,0][0.589038,0.375452,1.80461][0.3049,0.1813,0.935][0.177863,0.51087,0][0.589038,0.375452,1.80461][0.3049,0.1813,0.935][0.177863,0.51087,0][1.11787,0.375452,1.53426][0.5791,0.1813,0.7949][0.141508,0.51087,0][1.0679,0.757838,1.46568][0.5655,0.2786,0.7762][0.144944,0.544342,0][0.56271,0.757838,1.72395][0.2977,0.2786,0.9131][0.179673,0.544342,0][0,0.757838,1.81346][-0,0.2786,0.9604][0.218357,0.544342,0][0,0.375452,1.8983][-0,0.1813,0.9834][0.218357,0.51087,0][0,0.375452,1.8983][-0,0.1813,0.9834][0.218357,0.51087,0][0.589038,0.375452,1.80461][0.3048,0.1813,0.935][0.177863,0.51087,0][0.56271,0.757838,1.72395][0.2977,0.2786,0.9131][0.179673,0.544342,0][-0,0.75784,-1.81346][-0,0.2786,-0.9604][0.756502,0.551633,0][0.558064,0.75784,-1.72545][0.2958,0.2786,-0.9137][0.717807,0.551633,0][0.584178,0.375452,-1.80619][0.3029,0.1813,-0.9356][0.715996,0.518161,0][0.584178,0.375452,-1.80619][0.3029,0.1813,-0.9356][0.715996,0.518161,0][-0,0.375452,-1.8983][-0,0.1813,-0.9834][0.756502,0.518161,0][-0,0.75784,-1.81346][-0,0.2786,-0.9604][0.756502,0.551633,0][0.558064,0.75784,-1.72545][0.2959,0.2786,-0.9137][0.717807,0.551633,0][1.06395,0.75784,-1.46855][0.5634,0.2786,-0.7778][0.68273,0.551633,0][1.11372,0.375452,-1.53726][0.5769,0.1813,-0.7964][0.679279,0.518161,0][1.11372,0.375452,-1.53726][0.577,0.1813,-0.7964][0.679279,0.518161,0][0.584178,0.375452,-1.80619][0.303,0.1813,-0.9356][0.715996,0.518161,0][0.558064,0.75784,-1.72545][0.2959,0.2786,-0.9137][0.717807,0.551633,0][1.06395,0.75784,-1.46855][0.5635,0.2786,-0.7777][0.68273,0.551633,0][1.46568,0.75784,-1.0679][0.7762,0.2786,-0.5656][0.654875,0.551633,0][1.53426,0.375452,-1.11787][0.7948,0.1813,-0.5792][0.65012,0.518161,0][1.53426,0.375452,-1.11787][0.7948,0.1813,-0.5792][0.65012,0.518161,0][1.11372,0.375452,-1.53726][0.577,0.1813,-0.7964][0.679279,0.518161,0][1.06395,0.75784,-1.46855][0.5635,0.2786,-0.7777][0.68273,0.551633,0][1.46568,0.75784,-1.0679][0.7763,0.2786,-0.5655][0.654875,0.551633,0][1.72395,0.75784,-0.56271][0.913,0.2786,-0.298][0.636967,0.551633,0][1.80461,0.375452,-0.589038][0.9349,0.1813,-0.3052][0.631375,0.518161,0][1.80461,0.375452,-0.589038][0.9349,0.1813,-0.3052][0.631375,0.518161,0][1.53426,0.375452,-1.11787][0.7949,0.1813,-0.5791][0.65012,0.518161,0][1.46568,0.75784,-1.0679][0.7762,0.2786,-0.5655][0.654875,0.551633,0][1.72395,0.75784,-0.56271][0.913,0.2786,-0.298][0.636967,0.551633,0][1.81346,0.75784,-0.002448][0.9604,0.2786,-0.0013][0.630761,0.551633,0][1.8983,0.375452,-0.002562][0.9834,0.1813,-0.0014][0.624878,0.518161,0][1.8983,0.375452,-0.002562][0.9834,0.1813,-0.0013][0.624878,0.518161,0][1.80461,0.375452,-0.589038][0.9349,0.1813,-0.3051][0.631375,0.518161,0][1.72395,0.75784,-0.56271][0.913,0.2786,-0.298][0.636967,0.551633,0][1.81346,0.75784,-0.002448][0.9604,0.2786,-0.0012][0.093689,0.544342,0][1.72545,0.757838,0.558064][0.9138,0.2786,0.2955][0.09974,0.544342,0][1.80619,0.375452,0.584178][0.9357,0.1813,0.3026][0.094189,0.51087,0][1.80619,0.375452,0.584178][0.9357,0.1813,0.3026][0.094189,0.51087,0][1.8983,0.375452,-0.002562][0.9834,0.1813,-0.0013][0.087857,0.51087,0][1.81346,0.75784,-0.002448][0.9604,0.2786,-0.0012][0.093689,0.544342,0][1.72545,0.757838,0.558064][0.9138,0.2786,0.2956][0.09974,0.544342,0][1.46855,0.757838,1.06395][0.7778,0.2786,0.5634][0.117401,0.544342,0][1.53726,0.375452,1.11372][0.7964,0.1813,0.5769][0.112677,0.51087,0][1.53726,0.375452,1.11372][0.7964,0.1813,0.577][0.112677,0.51087,0][1.80619,0.375452,0.584178][0.9357,0.1813,0.3027][0.094189,0.51087,0][1.72545,0.757838,0.558064][0.9138,0.2786,0.2956][0.09974,0.544342,0][1.46855,0.757838,1.06395][0.7777,0.2786,0.5635][0.117401,0.544342,0][1.0679,0.757838,1.46568][0.5656,0.2786,0.7762][0.144944,0.544342,0][1.11787,0.375452,1.53426][0.5792,0.1813,0.7948][0.141508,0.51087,0][1.11787,0.375452,1.53426][0.5792,0.1813,0.7948][0.141508,0.51087,0][1.53726,0.375452,1.11372][0.7964,0.1813,0.577][0.112677,0.51087,0][1.46855,0.757838,1.06395][0.7777,0.2786,0.5635][0.117401,0.544342,0][0.989816,1.12115,1.35851][0.54,0.3986,0.7413][0.150312,0.576145,0][0.521566,1.12115,1.59789][0.2843,0.3986,0.8719][0.182502,0.576145,0][0.56271,0.757838,1.72395][0.2977,0.2786,0.9131][0.179673,0.544342,0][0.56271,0.757838,1.72395][0.2977,0.2786,0.9131][0.179673,0.544342,0][1.0679,0.757838,1.46568][0.5655,0.2786,0.7762][0.144944,0.544342,0][0.989816,1.12115,1.35851][0.54,0.3986,0.7413][0.150312,0.576145,0][0.521566,1.12115,1.59789][0.2843,0.3986,0.872][0.182502,0.576145,0][0,1.12115,1.68085][-0,0.3986,0.9171][0.218357,0.576145,0][0,0.757838,1.81346][-0,0.2786,0.9604][0.218357,0.544342,0][0,0.757838,1.81346][-0,0.2786,0.9604][0.218357,0.544342,0][0.56271,0.757838,1.72395][0.2977,0.2786,0.9131][0.179673,0.544342,0][0.521566,1.12115,1.59789][0.2843,0.3986,0.872][0.182502,0.576145,0][-0,1.12115,-1.68085][-0,0.3986,-0.9171][0.756502,0.583436,0][0.517254,1.12115,-1.59928][0.2825,0.3986,-0.8725][0.720637,0.583436,0][0.558064,0.75784,-1.72545][0.2958,0.2786,-0.9137][0.717807,0.551633,0][0.558064,0.75784,-1.72545][0.2958,0.2786,-0.9137][0.717807,0.551633,0][-0,0.75784,-1.81346][-0,0.2786,-0.9604][0.756502,0.551633,0][-0,1.12115,-1.68085][-0,0.3986,-0.9171][0.756502,0.583436,0][0.517254,1.12115,-1.59928][0.2826,0.3986,-0.8725][0.720637,0.583436,0][0.986146,1.12115,-1.36117][0.538,0.3986,-0.7427][0.688125,0.583436,0][1.06395,0.75784,-1.46855][0.5634,0.2786,-0.7778][0.68273,0.551633,0][1.06395,0.75784,-1.46855][0.5634,0.2786,-0.7778][0.68273,0.551633,0][0.558064,0.75784,-1.72545][0.2959,0.2786,-0.9137][0.717807,0.551633,0][0.517254,1.12115,-1.59928][0.2826,0.3986,-0.8725][0.720637,0.583436,0][0.986146,1.12115,-1.36117][0.5381,0.3986,-0.7427][0.688125,0.583436,0][1.3585,1.12115,-0.989806][0.7412,0.3986,-0.5401][0.662307,0.583436,0][1.46568,0.75784,-1.0679][0.7762,0.2786,-0.5656][0.654875,0.551633,0][1.46568,0.75784,-1.0679][0.7762,0.2786,-0.5656][0.654875,0.551633,0][1.06395,0.75784,-1.46855][0.5635,0.2786,-0.7777][0.68273,0.551633,0][0.986146,1.12115,-1.36117][0.5381,0.3986,-0.7427][0.688125,0.583436,0][1.3585,1.12115,-0.989806][0.7413,0.3986,-0.5401][0.662307,0.583436,0][1.59789,1.12115,-0.521566][0.8718,0.3986,-0.2846][0.645708,0.583436,0][1.72395,0.75784,-0.56271][0.913,0.2786,-0.2981][0.636967,0.551633,0][1.72395,0.75784,-0.56271][0.913,0.2786,-0.298][0.636967,0.551633,0][1.46568,0.75784,-1.0679][0.7762,0.2786,-0.5655][0.654875,0.551633,0][1.3585,1.12115,-0.989806][0.7413,0.3986,-0.54][0.662307,0.583436,0][1.59789,1.12115,-0.521566][0.8719,0.3986,-0.2845][0.645708,0.583436,0][1.68085,1.12115,-0.002264][0.9171,0.3986,-0.0013][0.639956,0.583436,0][1.81346,0.75784,-0.002448][0.9604,0.2786,-0.0013][0.630761,0.551633,0][1.81346,0.75784,-0.002448][0.9604,0.2786,-0.0013][0.630761,0.551633,0][1.72395,0.75784,-0.56271][0.913,0.2786,-0.298][0.636967,0.551633,0][1.59789,1.12115,-0.521566][0.8719,0.3986,-0.2845][0.645708,0.583436,0][1.68085,1.12115,-0.002264][0.9171,0.3986,-0.0012][0.102806,0.576145,0][1.59928,1.12115,0.517254][0.8726,0.3986,0.2822][0.108413,0.576145,0][1.72545,0.757838,0.558064][0.9138,0.2786,0.2955][0.09974,0.544342,0][1.72545,0.757838,0.558064][0.9138,0.2786,0.2955][0.09974,0.544342,0][1.81346,0.75784,-0.002448][0.9604,0.2786,-0.0013][0.093689,0.544342,0][1.68085,1.12115,-0.002264][0.9171,0.3986,-0.0012][0.102806,0.576145,0][1.59928,1.12115,0.517254][0.8726,0.3986,0.2823][0.108413,0.576145,0][1.36117,1.12115,0.986146][0.7427,0.3986,0.538][0.124783,0.576145,0][1.46855,0.757838,1.06395][0.7778,0.2786,0.5634][0.117401,0.544342,0][1.46855,0.757838,1.06395][0.7778,0.2786,0.5634][0.117401,0.544342,0][1.72545,0.757838,0.558064][0.9138,0.2786,0.2956][0.09974,0.544342,0][1.59928,1.12115,0.517254][0.8726,0.3986,0.2823][0.108413,0.576145,0][1.36117,1.12115,0.986146][0.7427,0.3986,0.5381][0.124783,0.576145,0][0.989816,1.12115,1.35851][0.5401,0.3986,0.7412][0.150312,0.576145,0][1.0679,0.757838,1.46568][0.5656,0.2786,0.7762][0.144944,0.544342,0][1.0679,0.757838,1.46568][0.5656,0.2786,0.7762][0.144944,0.544342,0][1.46855,0.757838,1.06395][0.7777,0.2786,0.5635][0.117401,0.544342,0][1.36117,1.12115,0.986146][0.7427,0.3986,0.5381][0.124783,0.576145,0][0.888276,1.45646,1.21915][0.5081,0.5056,0.6973][0.157292,0.605496,0][0.46806,1.45646,1.43397][0.2675,0.5056,0.8203][0.18618,0.605496,0][0.521566,1.12115,1.59789][0.2843,0.3986,0.8719][0.182502,0.576145,0][0.521566,1.12115,1.59789][0.2843,0.3986,0.8719][0.182502,0.576145,0][0.989816,1.12115,1.35851][0.5401,0.3986,0.7413][0.150312,0.576145,0][0.888276,1.45646,1.21915][0.5081,0.5056,0.6973][0.157292,0.605496,0][0.46806,1.45646,1.43397][0.2674,0.5056,0.8203][0.18618,0.605496,0][0,1.45646,1.50842][-0,0.5056,0.8628][0.218357,0.605496,0][0,1.12115,1.68085][-0,0.3986,0.9171][0.218357,0.576145,0][0,1.12115,1.68085][-0,0.3986,0.9171][0.218357,0.576145,0][0.521566,1.12115,1.59789][0.2842,0.3986,0.872][0.182502,0.576145,0][0.46806,1.45646,1.43397][0.2674,0.5056,0.8203][0.18618,0.605496,0][-0,1.45646,-1.50842][-0,0.5056,-0.8628][0.756502,0.612787,0][0.464198,1.45646,-1.43523][0.2657,0.5056,-0.8209][0.724316,0.612787,0][0.517254,1.12115,-1.59928][0.2825,0.3986,-0.8725][0.720637,0.583436,0][0.517254,1.12115,-1.59928][0.2825,0.3986,-0.8725][0.720637,0.583436,0][-0,1.12115,-1.68085][0.0001,0.3986,-0.9171][0.756502,0.583436,0][-0,1.45646,-1.50842][-0,0.5056,-0.8628][0.756502,0.612787,0][0.464198,1.45646,-1.43523][0.2658,0.5056,-0.8208][0.724316,0.612787,0][0.884988,1.45646,-1.22154][0.5062,0.5056,-0.6987][0.695139,0.612787,0][0.986146,1.12115,-1.36117][0.5381,0.3986,-0.7427][0.688125,0.583436,0][0.986146,1.12115,-1.36117][0.5381,0.3986,-0.7427][0.688125,0.583436,0][0.517254,1.12115,-1.59928][0.2825,0.3986,-0.8725][0.720637,0.583436,0][0.464198,1.45646,-1.43523][0.2658,0.5056,-0.8208][0.724316,0.612787,0][0.884988,1.45646,-1.22154][0.5062,0.5056,-0.6987][0.695139,0.612787,0][1.21915,1.45646,-0.888276][0.6973,0.5056,-0.5081][0.671969,0.612787,0][1.3585,1.12115,-0.989806][0.7412,0.3986,-0.5401][0.662307,0.583436,0][1.3585,1.12115,-0.989806][0.7412,0.3986,-0.5401][0.662307,0.583436,0][0.986146,1.12115,-1.36117][0.5381,0.3986,-0.7427][0.688125,0.583436,0][0.884988,1.45646,-1.22154][0.5062,0.5056,-0.6987][0.695139,0.612787,0][1.21915,1.45646,-0.888276][0.6973,0.5056,-0.5081][0.671969,0.612787,0][1.43397,1.45646,-0.46806][0.8202,0.5056,-0.2677][0.657074,0.612787,0][1.59789,1.12115,-0.521566][0.8718,0.3986,-0.2846][0.645708,0.583436,0][1.59789,1.12115,-0.521566][0.8718,0.3986,-0.2846][0.645708,0.583436,0][1.3585,1.12115,-0.989806][0.7413,0.3986,-0.54][0.662307,0.583436,0][1.21915,1.45646,-0.888276][0.6973,0.5056,-0.5081][0.671969,0.612787,0][1.43397,1.45646,-0.46806][0.8202,0.5056,-0.2677][0.657074,0.612787,0][1.50842,1.45646,-0.002034][0.8628,0.5056,-0.0012][0.651912,0.612787,0][1.68085,1.12115,-0.002264][0.9171,0.3986,-0.0012][0.639956,0.583436,0][1.68085,1.12115,-0.002264][0.9171,0.3986,-0.0012][0.639956,0.583436,0][1.59789,1.12115,-0.521566][0.8719,0.3986,-0.2845][0.645708,0.583436,0][1.43397,1.45646,-0.46806][0.8202,0.5056,-0.2677][0.657074,0.612787,0][1.50842,1.45646,-0.002034][0.8628,0.5056,-0.0011][0.11466,0.605496,0][1.43523,1.45646,0.464198][0.8209,0.5056,0.2655][0.119691,0.605496,0][1.59928,1.12115,0.517254][0.8726,0.3986,0.2822][0.108413,0.576145,0][1.59928,1.12115,0.517254][0.8726,0.3986,0.2822][0.108413,0.576145,0][1.68085,1.12115,-0.002264][0.9171,0.3986,-0.0012][0.102806,0.576145,0][1.50842,1.45646,-0.002034][0.8628,0.5056,-0.0011][0.11466,0.605496,0][1.43523,1.45646,0.464198][0.8209,0.5056,0.2655][0.119691,0.605496,0][1.22153,1.45646,0.884982][0.6987,0.5056,0.5062][0.134382,0.605496,0][1.36117,1.12115,0.986146][0.7427,0.3986,0.538][0.124783,0.576145,0][1.36117,1.12115,0.986146][0.7427,0.3986,0.5381][0.124783,0.576145,0][1.59928,1.12115,0.517254][0.8726,0.3986,0.2823][0.108413,0.576145,0][1.43523,1.45646,0.464198][0.8209,0.5056,0.2655][0.119691,0.605496,0][1.22153,1.45646,0.884982][0.6987,0.5055,0.5062][0.134382,0.605496,0][0.888276,1.45646,1.21915][0.5081,0.5056,0.6973][0.157292,0.605496,0][0.989816,1.12115,1.35851][0.5401,0.3986,0.7412][0.150312,0.576145,0][0.989816,1.12115,1.35851][0.5401,0.3986,0.7412][0.150312,0.576145,0][1.36117,1.12115,0.986146][0.7427,0.3986,0.5381][0.124783,0.576145,0][1.22153,1.45646,0.884982][0.6987,0.5056,0.5062][0.134382,0.605496,0][0.77013,1.75549,1.05699][0.4684,0.606,0.6429][0.165414,0.631671,0][0.405808,1.75549,1.24324][0.2466,0.606,0.7562][0.19046,0.631671,0][0.46806,1.45646,1.43397][0.2675,0.5056,0.8203][0.18618,0.605496,0][0.46806,1.45646,1.43397][0.2674,0.5056,0.8203][0.18618,0.605496,0][0.888276,1.45646,1.21915][0.508,0.5056,0.6973][0.157292,0.605496,0][0.77013,1.75549,1.05699][0.4684,0.606,0.6429][0.165414,0.631671,0][0.405808,1.75549,1.24324][0.2465,0.606,0.7563][0.19046,0.631671,0][0,1.75549,1.3078][0.0001,0.606,0.7954][0.218357,0.631671,0][0,1.45646,1.50842][-0,0.5056,0.8628][0.218357,0.605496,0][0,1.45646,1.50842][-0,0.5056,0.8628][0.218357,0.605496,0][0.46806,1.45646,1.43397][0.2674,0.5056,0.8203][0.18618,0.605496,0][0.405808,1.75549,1.24324][0.2465,0.606,0.7563][0.19046,0.631671,0][-0,1.75549,-1.3078][-0,0.6061,-0.7954][0.756502,0.638963,0][0.402456,1.75549,-1.24433][0.245,0.6061,-0.7567][0.728596,0.638963,0][0.464198,1.45646,-1.43523][0.2658,0.5056,-0.8208][0.724316,0.612787,0][0.464198,1.45646,-1.43523][0.2657,0.5056,-0.8208][0.724316,0.612787,0][-0,1.45646,-1.50842][-0,0.5056,-0.8628][0.756502,0.612787,0][-0,1.75549,-1.3078][-0,0.6061,-0.7954][0.756502,0.638963,0][0.402456,1.75549,-1.24433][0.2451,0.6061,-0.7567][0.728596,0.638963,0][0.76728,1.75549,-1.05907][0.4666,0.6061,-0.6441][0.703301,0.638963,0][0.884988,1.45646,-1.22154][0.5061,0.5056,-0.6987][0.695139,0.612787,0][0.884988,1.45646,-1.22154][0.5062,0.5056,-0.6987][0.695139,0.612787,0][0.464198,1.45646,-1.43523][0.2658,0.5056,-0.8208][0.724316,0.612787,0][0.402456,1.75549,-1.24433][0.2451,0.6061,-0.7567][0.728596,0.638963,0][0.76728,1.75549,-1.05907][0.4667,0.6061,-0.6441][0.703301,0.638963,0][1.05699,1.75549,-0.77013][0.6429,0.6061,-0.4684][0.683213,0.638963,0][1.21915,1.45646,-0.888276][0.6973,0.5056,-0.5081][0.671969,0.612787,0][1.21915,1.45646,-0.888276][0.6973,0.5056,-0.5081][0.671969,0.612787,0][0.884988,1.45646,-1.22154][0.5062,0.5056,-0.6987][0.695139,0.612787,0][0.76728,1.75549,-1.05907][0.4667,0.6061,-0.6441][0.703301,0.638963,0][1.05699,1.75549,-0.77013][0.6429,0.606,-0.4684][0.683213,0.638963,0][1.24324,1.75549,-0.405808][0.7562,0.606,-0.2469][0.670299,0.638963,0][1.43397,1.45646,-0.46806][0.8202,0.5056,-0.2677][0.657074,0.612787,0][1.43397,1.45646,-0.46806][0.8202,0.5056,-0.2677][0.657074,0.612787,0][1.21915,1.45646,-0.888276][0.6973,0.5056,-0.508][0.671969,0.612787,0][1.05699,1.75549,-0.77013][0.6429,0.606,-0.4684][0.683213,0.638963,0][1.24324,1.75549,-0.405808][0.7562,0.606,-0.2468][0.670299,0.638963,0][1.3078,1.75549,-0.00176][0.7954,0.6061,-0.0011][0.665822,0.638963,0][1.50842,1.45646,-0.002034][0.8628,0.5056,-0.0012][0.651912,0.612787,0][1.50842,1.45646,-0.002034][0.8628,0.5056,-0.0012][0.651912,0.612787,0][1.43397,1.45646,-0.46806][0.8202,0.5056,-0.2677][0.657074,0.612787,0][1.24324,1.75549,-0.405808][0.7562,0.6061,-0.2468][0.670299,0.638963,0][1.3078,1.75549,-0.00176][0.7954,0.6061,-0.0011][0.128452,0.631671,0][1.24433,1.75549,0.402456][0.7568,0.6061,0.2447][0.132815,0.631671,0][1.43523,1.45646,0.464198][0.8209,0.5056,0.2655][0.119691,0.605496,0][1.43523,1.45646,0.464198][0.8209,0.5056,0.2655][0.119691,0.605496,0][1.50842,1.45646,-0.002034][0.8628,0.5056,-0.0011][0.11466,0.605496,0][1.3078,1.75549,-0.00176][0.7954,0.606,-0.001][0.128452,0.631671,0][1.24433,1.75549,0.402456][0.7568,0.606,0.2448][0.132815,0.631671,0][1.05907,1.75549,0.76728][0.6442,0.6061,0.4666][0.145551,0.631671,0][1.22153,1.45646,0.884982][0.6987,0.5056,0.5062][0.134382,0.605496,0][1.22153,1.45646,0.884982][0.6987,0.5056,0.5062][0.134382,0.605496,0][1.43523,1.45646,0.464198][0.8209,0.5056,0.2655][0.119691,0.605496,0][1.24433,1.75549,0.402456][0.7568,0.6061,0.2448][0.132815,0.631671,0][1.05907,1.75549,0.76728][0.6441,0.606,0.4667][0.145551,0.631671,0][0.77013,1.75549,1.05699][0.4684,0.6061,0.6429][0.165414,0.631671,0][0.888276,1.45646,1.21915][0.5081,0.5056,0.6973][0.157292,0.605496,0][0.888276,1.45646,1.21915][0.5081,0.5056,0.6973][0.157292,0.605496,0][1.22153,1.45646,0.884982][0.6987,0.5056,0.5062][0.134382,0.605496,0][1.05907,1.75549,0.76728][0.6441,0.606,0.4667][0.145551,0.631671,0][0.638498,2.01088,0.876334][0.4135,0.7119,0.5676][0.174463,0.654027,0][0.336448,2.01088,1.03075][0.2177,0.7119,0.6677][0.195228,0.654027,0][0.405808,1.75549,1.24324][0.2466,0.6061,0.7562][0.19046,0.631671,0][0.405808,1.75549,1.24324][0.2466,0.6061,0.7562][0.19046,0.631671,0][0.77013,1.75549,1.05699][0.4684,0.6061,0.6429][0.165414,0.631671,0][0.638498,2.01088,0.876334][0.4135,0.7119,0.5676][0.174463,0.654027,0][0.336448,2.01088,1.03075][0.2177,0.7119,0.6677][0.195228,0.654027,0][0,2.01088,1.08427][-0,0.7119,0.7023][0.218357,0.654027,0][0,1.75549,1.3078][-0,0.606,0.7954][0.218357,0.631671,0][0,1.75549,1.3078][-0,0.6061,0.7954][0.218357,0.631671,0][0.405808,1.75549,1.24324][0.2465,0.6061,0.7562][0.19046,0.631671,0][0.336448,2.01088,1.03075][0.2177,0.7119,0.6677][0.195228,0.654027,0][-0,2.01088,-1.08427][-0,0.7119,-0.7022][0.756502,0.661318,0][0.333666,2.01088,-1.03165][0.2163,0.7119,-0.6681][0.733366,0.661318,0][0.402456,1.75549,-1.24433][0.245,0.6061,-0.7567][0.728596,0.638963,0][0.402456,1.75549,-1.24433][0.245,0.6061,-0.7567][0.728596,0.638963,0][-0,1.75549,-1.3078][-0,0.6061,-0.7954][0.756502,0.638963,0][-0,2.01088,-1.08427][-0,0.7119,-0.7022][0.756502,0.661318,0][0.333666,2.01088,-1.03165][0.2164,0.712,-0.6681][0.733366,0.661318,0][0.636136,2.01088,-0.87805][0.412,0.7119,-0.5687][0.712394,0.661318,0][0.76728,1.75549,-1.05907][0.4666,0.6061,-0.6441][0.703301,0.638963,0][0.76728,1.75549,-1.05907][0.4666,0.6061,-0.6441][0.703301,0.638963,0][0.402456,1.75549,-1.24433][0.2451,0.6061,-0.7567][0.728596,0.638963,0][0.333666,2.01088,-1.03165][0.2164,0.712,-0.6681][0.733366,0.661318,0][0.636136,2.01088,-0.87805][0.412,0.7119,-0.5687][0.712394,0.661318,0][0.876332,2.01088,-0.638496][0.5676,0.7119,-0.4136][0.695739,0.661318,0][1.05699,1.75549,-0.77013][0.6428,0.6061,-0.4684][0.683213,0.638963,0][1.05699,1.75549,-0.77013][0.6428,0.6061,-0.4684][0.683213,0.638963,0][0.76728,1.75549,-1.05907][0.4667,0.6061,-0.6441][0.703301,0.638963,0][0.636136,2.01088,-0.87805][0.412,0.7119,-0.5687][0.712394,0.661318,0][0.876332,2.01088,-0.638496][0.5676,0.7119,-0.4135][0.695739,0.661318,0][1.03075,2.01088,-0.336448][0.6676,0.7119,-0.218][0.685032,0.661318,0][1.24324,1.75549,-0.405808][0.7561,0.6061,-0.2469][0.670299,0.638963,0][1.24324,1.75549,-0.405808][0.7561,0.6061,-0.2469][0.670299,0.638963,0][1.05699,1.75549,-0.77013][0.6429,0.6061,-0.4684][0.683213,0.638963,0][0.876332,2.01088,-0.638496][0.5676,0.7119,-0.4135][0.695739,0.661318,0][1.03075,2.01088,-0.336448][0.6676,0.7119,-0.2179][0.685032,0.661318,0][1.08427,2.01088,-0.00146][0.7023,0.7119,-0.001][0.681321,0.661318,0][1.3078,1.75549,-0.00176][0.7954,0.6061,-0.0011][0.665822,0.638963,0][1.3078,1.75549,-0.00176][0.7954,0.6061,-0.0011][0.665822,0.638963,0][1.24324,1.75549,-0.405808][0.7562,0.6061,-0.2468][0.670299,0.638963,0][1.03075,2.01088,-0.336448][0.6676,0.7119,-0.2179][0.685032,0.661318,0][1.08427,2.01088,-0.00146][0.7022,0.7119,-0.0009][0.143818,0.654027,0][1.03165,2.01088,0.333666][0.6682,0.7119,0.2161][0.147436,0.654027,0][1.24433,1.75549,0.402456][0.7568,0.6061,0.2447][0.132815,0.631671,0][1.24433,1.75549,0.402456][0.7568,0.6061,0.2447][0.132815,0.631671,0][1.3078,1.75549,-0.00176][0.7954,0.6061,-0.001][0.128452,0.631671,0][1.08427,2.01088,-0.00146][0.7023,0.7119,-0.0009][0.143818,0.654027,0][1.03165,2.01088,0.333666][0.6682,0.7119,0.2161][0.147436,0.654027,0][0.878052,2.01088,0.636136][0.5687,0.7119,0.412][0.157995,0.654027,0][1.05907,1.75549,0.76728][0.6441,0.6061,0.4666][0.145551,0.631671,0][1.05907,1.75549,0.76728][0.6441,0.6061,0.4666][0.145551,0.631671,0][1.24433,1.75549,0.402456][0.7568,0.6061,0.2448][0.132815,0.631671,0][1.03165,2.01088,0.333666][0.6682,0.7119,0.2161][0.147436,0.654027,0][0.878052,2.01088,0.636136][0.5687,0.7119,0.412][0.157995,0.654027,0][0.638498,2.01088,0.876334][0.4136,0.7119,0.5676][0.174463,0.654027,0][0.77013,1.75549,1.05699][0.4684,0.6061,0.6428][0.165414,0.631671,0][0.77013,1.75549,1.05699][0.4684,0.6061,0.6428][0.165414,0.631671,0][1.05907,1.75549,0.76728][0.6441,0.6061,0.4667][0.145551,0.631671,0][0.878052,2.01088,0.636136][0.5687,0.7119,0.412][0.157995,0.654027,0][0.4931,2.21636,0.676776][0.3377,0.8192,0.4635][0.184459,0.672014,0][0.259832,2.21636,0.796028][0.1778,0.8192,0.5453][0.200495,0.672014,0][0.336448,2.01088,1.03075][0.2177,0.712,0.6676][0.195228,0.654027,0][0.336448,2.01088,1.03075][0.2177,0.712,0.6676][0.195228,0.654027,0][0.638498,2.01088,0.876334][0.4135,0.712,0.5676][0.174463,0.654027,0][0.4931,2.21636,0.676776][0.3377,0.8192,0.4635][0.184459,0.672014,0][0.259832,2.21636,0.796028][0.1777,0.8192,0.5453][0.200495,0.672014,0][0,2.21636,0.83736][-0,0.8192,0.5735][0.218357,0.672014,0][0,2.01088,1.08427][-0,0.7119,0.7023][0.218357,0.654027,0][0,2.01088,1.08427][-0,0.7119,0.7022][0.218357,0.654027,0][0.336448,2.01088,1.03075][0.2177,0.7119,0.6677][0.195228,0.654027,0][0.259832,2.21636,0.796028][0.1777,0.8192,0.5453][0.200495,0.672014,0][-0,2.21636,-0.83736][-0,0.8192,-0.5735][0.756502,0.679305,0][0.257684,2.21636,-0.796724][0.1766,0.8192,-0.5456][0.738634,0.679305,0][0.333666,2.01088,-1.03165][0.2163,0.712,-0.6681][0.733366,0.661318,0][0.333666,2.01088,-1.03165][0.2163,0.712,-0.6681][0.733366,0.661318,0][-0,2.01088,-1.08427][-0,0.712,-0.7022][0.756502,0.661318,0][-0,2.21636,-0.83736][-0,0.8192,-0.5735][0.756502,0.679305,0][0.257684,2.21636,-0.796724][0.1767,0.8192,-0.5456][0.738634,0.679305,0][0.491274,2.21636,-0.6781][0.3364,0.8192,-0.4644][0.722438,0.679305,0][0.636136,2.01088,-0.87805][0.412,0.712,-0.5687][0.712394,0.661318,0][0.636136,2.01088,-0.87805][0.412,0.712,-0.5687][0.712394,0.661318,0][0.333666,2.01088,-1.03165][0.2164,0.712,-0.668][0.733366,0.661318,0][0.257684,2.21636,-0.796724][0.1767,0.8192,-0.5456][0.738634,0.679305,0][0.491274,2.21636,-0.6781][0.3365,0.8192,-0.4644][0.722438,0.679305,0][0.676774,2.21636,-0.4931][0.4635,0.8192,-0.3378][0.709576,0.679305,0][0.876332,2.01088,-0.638496][0.5675,0.712,-0.4136][0.695739,0.661318,0][0.876332,2.01088,-0.638496][0.5675,0.712,-0.4135][0.695739,0.661318,0][0.636136,2.01088,-0.87805][0.412,0.712,-0.5686][0.712394,0.661318,0][0.491274,2.21636,-0.6781][0.3365,0.8192,-0.4644][0.722438,0.679305,0][0.676774,2.21636,-0.4931][0.4635,0.8192,-0.3377][0.709576,0.679305,0][0.796028,2.21636,-0.25983][0.5452,0.8192,-0.178][0.701307,0.679305,0][1.03075,2.01088,-0.336448][0.6675,0.712,-0.2179][0.685032,0.661318,0][1.03075,2.01088,-0.336448][0.6675,0.712,-0.2179][0.685032,0.661318,0][0.876332,2.01088,-0.638496][0.5676,0.712,-0.4135][0.695739,0.661318,0][0.676774,2.21636,-0.4931][0.4635,0.8192,-0.3377][0.709576,0.679305,0][0.796028,2.21636,-0.25983][0.5452,0.8192,-0.1779][0.701307,0.679305,0][0.83736,2.21636,-0.001128][0.5735,0.8192,-0.0008][0.698441,0.679305,0][1.08427,2.01088,-0.00146][0.7022,0.712,-0.001][0.681321,0.661318,0][1.08427,2.01088,-0.00146][0.7022,0.712,-0.001][0.681321,0.661318,0][1.03075,2.01088,-0.336448][0.6676,0.712,-0.2179][0.685032,0.661318,0][0.796028,2.21636,-0.25983][0.5452,0.8192,-0.1779][0.701307,0.679305,0][0.83736,2.21636,-0.001128][0.5735,0.8192,-0.0007][0.160792,0.672014,0][0.796726,2.21636,0.257686][0.5457,0.8192,0.1764][0.163586,0.672014,0][1.03165,2.01088,0.333666][0.6681,0.712,0.2161][0.147436,0.654027,0][1.03165,2.01088,0.333666][0.6681,0.712,0.2161][0.147436,0.654027,0][1.08427,2.01088,-0.00146][0.7022,0.712,-0.0009][0.143818,0.654027,0][0.83736,2.21636,-0.001128][0.5735,0.8192,-0.0007][0.160792,0.672014,0][0.796726,2.21636,0.257686][0.5456,0.8192,0.1765][0.163586,0.672014,0][0.678102,2.21636,0.491276][0.4644,0.8192,0.3364][0.171741,0.672014,0][0.878052,2.01088,0.636136][0.5687,0.712,0.4119][0.157995,0.654027,0][0.878052,2.01088,0.636136][0.5687,0.712,0.412][0.157995,0.654027,0][1.03165,2.01088,0.333666][0.6681,0.712,0.2161][0.147436,0.654027,0][0.796726,2.21636,0.257686][0.5457,0.8192,0.1765][0.163586,0.672014,0][0.678102,2.21636,0.491276][0.4644,0.8192,0.3365][0.171741,0.672014,0][0.4931,2.21636,0.676776][0.3378,0.8192,0.4635][0.184459,0.672014,0][0.638498,2.01088,0.876334][0.4136,0.712,0.5675][0.174463,0.654027,0][0.638498,2.01088,0.876334][0.4135,0.712,0.5675][0.174463,0.654027,0][0.878052,2.01088,0.636136][0.5686,0.712,0.412][0.157995,0.654027,0][0.678102,2.21636,0.491276][0.4644,0.8192,0.3365][0.171741,0.672014,0][0.335638,2.36685,0.46066][0.2417,0.9119,0.3317][0.195284,0.685187,0][0.17686,2.36685,0.541832][0.1272,0.9119,0.3902][0.206199,0.685187,0][0.259832,2.21636,0.796028][0.1778,0.8192,0.5452][0.200495,0.672014,0][0.259832,2.21636,0.796028][0.1778,0.8192,0.5452][0.200495,0.672014,0][0.4931,2.21636,0.676776][0.3377,0.8192,0.4635][0.184459,0.672014,0][0.335638,2.36685,0.46066][0.2417,0.9119,0.3317][0.195284,0.685187,0][0.17686,2.36685,0.541832][0.1272,0.9119,0.3903][0.206199,0.685187,0][0,2.36685,0.569964][-0,0.9119,0.4105][0.218357,0.685187,0][0,2.21636,0.83736][-0,0.8192,0.5735][0.218357,0.672014,0][0,2.21636,0.83736][-0,0.8192,0.5735][0.218357,0.672014,0][0.259832,2.21636,0.796028][0.1777,0.8192,0.5452][0.200495,0.672014,0][0.17686,2.36685,0.541832][0.1272,0.9119,0.3903][0.206199,0.685187,0][-0,2.36685,-0.569964][-0,0.9119,-0.4104][0.756502,0.692478,0][0.175398,2.36685,-0.542306][0.1264,0.9119,-0.3905][0.74434,0.692478,0][0.257684,2.21636,-0.796724][0.1766,0.8193,-0.5456][0.738634,0.679305,0][0.257684,2.21636,-0.796724][0.1766,0.8193,-0.5456][0.738634,0.679305,0][-0,2.21636,-0.83736][-0,0.8192,-0.5734][0.756502,0.679305,0][-0,2.36685,-0.569964][-0,0.9119,-0.4104][0.756502,0.692478,0][0.175398,2.36685,-0.542306][0.1265,0.9119,-0.3905][0.74434,0.692478,0][0.334396,2.36685,-0.461562][0.2408,0.9119,-0.3324][0.733316,0.692478,0][0.491274,2.21636,-0.6781][0.3364,0.8192,-0.4644][0.722438,0.679305,0][0.491274,2.21636,-0.6781][0.3364,0.8192,-0.4644][0.722438,0.679305,0][0.257684,2.21636,-0.796724][0.1767,0.8192,-0.5456][0.738634,0.679305,0][0.175398,2.36685,-0.542306][0.1265,0.9119,-0.3905][0.74434,0.692478,0][0.334396,2.36685,-0.461562][0.2408,0.9119,-0.3324][0.733316,0.692478,0][0.46066,2.36685,-0.335638][0.3317,0.9119,-0.2417][0.724561,0.692478,0][0.676774,2.21636,-0.4931][0.4635,0.8192,-0.3377][0.709576,0.679305,0][0.676774,2.21636,-0.4931][0.4635,0.8192,-0.3377][0.709576,0.679305,0][0.491274,2.21636,-0.6781][0.3365,0.8192,-0.4644][0.722438,0.679305,0][0.334396,2.36685,-0.461562][0.2408,0.9119,-0.3324][0.733316,0.692478,0][0.46066,2.36685,-0.335638][0.3317,0.9119,-0.2417][0.724561,0.692478,0][0.541832,2.36685,-0.176858][0.3902,0.9119,-0.1274][0.718933,0.692478,0][0.796028,2.21636,-0.25983][0.5451,0.8192,-0.178][0.701307,0.679305,0][0.796028,2.21636,-0.25983][0.5451,0.8192,-0.178][0.701307,0.679305,0][0.676774,2.21636,-0.4931][0.4635,0.8192,-0.3377][0.709576,0.679305,0][0.46066,2.36685,-0.335638][0.3317,0.9119,-0.2417][0.724561,0.692478,0][0.541832,2.36685,-0.176858][0.3902,0.9119,-0.1273][0.718933,0.692478,0][0.569964,2.36685,-0.000768][0.4104,0.9119,-0.0006][0.716982,0.692478,0][0.83736,2.21636,-0.001128][0.5734,0.8192,-0.0008][0.698441,0.679305,0][0.83736,2.21636,-0.001128][0.5734,0.8192,-0.0008][0.698441,0.679305,0][0.796028,2.21636,-0.25983][0.5451,0.8192,-0.1779][0.701307,0.679305,0][0.541832,2.36685,-0.176858][0.3902,0.9119,-0.1273][0.718933,0.692478,0][0.569964,2.36685,-0.000768][0.4105,0.9119,-0.0005][0.179175,0.685187,0][0.542306,2.36685,0.175398][0.3905,0.9119,0.1263][0.181076,0.685187,0][0.796726,2.21636,0.257686][0.5456,0.8192,0.1764][0.163586,0.672014,0][0.796726,2.21636,0.257686][0.5456,0.8192,0.1764][0.163586,0.672014,0][0.83736,2.21636,-0.001128][0.5734,0.8192,-0.0007][0.160792,0.672014,0][0.569964,2.36685,-0.000768][0.4105,0.9119,-0.0005][0.179175,0.685187,0][0.542306,2.36685,0.175398][0.3905,0.9119,0.1263][0.181076,0.685187,0][0.461562,2.36685,0.334396][0.3324,0.9119,0.2408][0.186627,0.685187,0][0.678102,2.21636,0.491276][0.4644,0.8192,0.3364][0.171741,0.672014,0][0.678102,2.21636,0.491276][0.4644,0.8192,0.3364][0.171741,0.672014,0][0.796726,2.21636,0.257686][0.5456,0.8192,0.1765][0.163586,0.672014,0][0.542306,2.36685,0.175398][0.3905,0.9119,0.1263][0.181076,0.685187,0][0.461562,2.36685,0.334396][0.3324,0.9119,0.2408][0.186627,0.685187,0][0.335638,2.36685,0.46066][0.2417,0.9119,0.3317][0.195284,0.685187,0][0.4931,2.21636,0.676776][0.3377,0.8192,0.4635][0.184459,0.672014,0][0.4931,2.21636,0.676776][0.3377,0.8192,0.4635][0.184459,0.672014,0][0.678102,2.21636,0.491276][0.4644,0.8192,0.3365][0.171741,0.672014,0][0.461562,2.36685,0.334396][0.3324,0.9119,0.2408][0.186627,0.685187,0][0.169912,2.45865,0.233202][0.1291,0.9757,0.1773][0.206677,0.693223,0][0.089532,2.45865,0.274294][0.068,0.9756,0.2085][0.212202,0.693223,0][0.17686,2.36685,0.541832][0.1272,0.9119,0.3902][0.206199,0.685187,0][0.17686,2.36685,0.541832][0.1272,0.9119,0.3902][0.206199,0.685187,0][0.335638,2.36685,0.46066][0.2417,0.9119,0.3317][0.195284,0.685187,0][0.169912,2.45865,0.233202][0.1291,0.9757,0.1773][0.206677,0.693223,0][0.089532,2.45865,0.274294][0.068,0.9757,0.2085][0.212202,0.693223,0][0,2.45865,0.288536][-0,0.9756,0.2194][0.218357,0.693223,0][0,2.36685,0.569964][-0,0.9119,0.4104][0.218357,0.685187,0][0,2.36685,0.569964][-0,0.9119,0.4104][0.218357,0.685187,0][0.17686,2.36685,0.541832][0.1272,0.9119,0.3902][0.206199,0.685187,0][0.089532,2.45865,0.274294][0.068,0.9757,0.2085][0.212202,0.693223,0][-0,2.45865,-0.288534][-0,0.9757,-0.2193][0.756502,0.700514,0][0.088792,2.45865,-0.274532][0.0675,0.9757,-0.2086][0.750345,0.700514,0][0.175398,2.36685,-0.542306][0.1264,0.9119,-0.3904][0.74434,0.692478,0][0.175398,2.36685,-0.542306][0.1264,0.9119,-0.3904][0.74434,0.692478,0][-0,2.36685,-0.569964][-0,0.9119,-0.4104][0.756502,0.692478,0][-0,2.45865,-0.288534][-0,0.9757,-0.2193][0.756502,0.700514,0][0.088792,2.45865,-0.274532][0.0676,0.9757,-0.2086][0.750345,0.700514,0][0.169282,2.45865,-0.233658][0.1287,0.9757,-0.1776][0.744764,0.700514,0][0.334396,2.36685,-0.461562][0.2408,0.9119,-0.3324][0.733316,0.692478,0][0.334396,2.36685,-0.461562][0.2408,0.9119,-0.3324][0.733316,0.692478,0][0.175398,2.36685,-0.542306][0.1264,0.9119,-0.3904][0.74434,0.692478,0][0.088792,2.45865,-0.274532][0.0676,0.9757,-0.2086][0.750345,0.700514,0][0.169282,2.45865,-0.233658][0.1287,0.9757,-0.1776][0.744764,0.700514,0][0.2332,2.45865,-0.16991][0.1772,0.9757,-0.1292][0.740332,0.700514,0][0.46066,2.36685,-0.335638][0.3317,0.9119,-0.2417][0.724561,0.692478,0][0.46066,2.36685,-0.335638][0.3317,0.9119,-0.2417][0.724561,0.692478,0][0.334396,2.36685,-0.461562][0.2408,0.9119,-0.3323][0.733316,0.692478,0][0.169282,2.45865,-0.233658][0.1287,0.9757,-0.1776][0.744764,0.700514,0][0.2332,2.45865,-0.16991][0.1773,0.9757,-0.1291][0.740332,0.700514,0][0.274292,2.45865,-0.089532][0.2085,0.9757,-0.0681][0.737483,0.700514,0][0.541832,2.36685,-0.176858][0.3901,0.9119,-0.1273][0.718933,0.692478,0][0.541832,2.36685,-0.176858][0.3901,0.9119,-0.1274][0.718933,0.692478,0][0.46066,2.36685,-0.335638][0.3317,0.9119,-0.2417][0.724561,0.692478,0][0.2332,2.45865,-0.16991][0.1773,0.9757,-0.1291][0.740332,0.700514,0][0.274292,2.45865,-0.089532][0.2085,0.9757,-0.068][0.737483,0.700514,0][0.288534,2.45865,-0.000388][0.2193,0.9757,-0.0003][0.736495,0.700514,0][0.569964,2.36685,-0.000768][0.4104,0.9119,-0.0006][0.716982,0.692478,0][0.569964,2.36685,-0.000768][0.4104,0.9119,-0.0006][0.716982,0.692478,0][0.541832,2.36685,-0.176858][0.3902,0.9119,-0.1273][0.718933,0.692478,0][0.274292,2.45865,-0.089532][0.2085,0.9757,-0.068][0.737483,0.700514,0][0.288534,2.45865,-0.000388][0.2193,0.9757,-0.0003][0.198522,0.693223,0][0.274534,2.45865,0.088794][0.2087,0.9757,0.0675][0.199484,0.693223,0][0.542306,2.36685,0.175398][0.3905,0.9119,0.1263][0.181076,0.685187,0][0.542306,2.36685,0.175398][0.3905,0.9119,0.1263][0.181076,0.685187,0][0.569964,2.36685,-0.000768][0.4104,0.9119,-0.0005][0.179175,0.685187,0][0.288534,2.45865,-0.000388][0.2193,0.9757,-0.0003][0.198522,0.693223,0][0.274534,2.45865,0.088794][0.2087,0.9757,0.0675][0.199484,0.693223,0][0.233658,2.45865,0.169282][0.1776,0.9757,0.1287][0.202294,0.693223,0][0.461562,2.36685,0.334396][0.3324,0.9119,0.2408][0.186627,0.685187,0][0.461562,2.36685,0.334396][0.3324,0.9119,0.2408][0.186627,0.685187,0][0.542306,2.36685,0.175398][0.3905,0.9119,0.1263][0.181076,0.685187,0][0.274534,2.45865,0.088794][0.2087,0.9757,0.0675][0.199484,0.693223,0][0.233658,2.45865,0.169282][0.1776,0.9757,0.1287][0.202294,0.693223,0][0.169912,2.45865,0.233202][0.1292,0.9757,0.1772][0.206677,0.693223,0][0.335638,2.36685,0.46066][0.2417,0.9119,0.3317][0.195284,0.685187,0][0.335638,2.36685,0.46066][0.2417,0.9119,0.3317][0.195284,0.685187,0][0.461562,2.36685,0.334396][0.3323,0.9119,0.2408][0.186627,0.685187,0][0.233658,2.45865,0.169282][0.1776,0.9757,0.1287][0.202294,0.693223,0][0.092374,-2.46043,0.283][0.06,-0.9811,0.184][0.212007,0.262631,0][-0,-2.48951,-0][-0,-1,-0][0.218357,0.260086,0][0.175306,-2.46043,0.240604][0.1139,-0.9811,0.1564][0.206306,0.262631,0][0,-2.46043,0.297694][-0,-0.9811,0.1935][0.218357,0.262631,0][-0,-2.48951,-0][-0,-1,-0][0.218357,0.260086,0][0.092374,-2.46043,0.283][0.06,-0.9811,0.184][0.212007,0.262631,0][0.09161,-2.46043,-0.28325][0.0596,-0.9811,-0.1841][0.75015,0.269923,0][-0,-2.48951,-0][-0,-1,-0][0.756502,0.267377,0][-0,-2.46043,-0.297696][-0,-0.9811,-0.1935][0.756502,0.269923,0][0.174656,-2.46043,-0.241076][0.1135,-0.9811,-0.1567][0.744392,0.269923,0][-0,-2.48951,-0][-0,-1,-0][0.756502,0.267377,0][0.09161,-2.46043,-0.28325][0.0596,-0.9811,-0.1841][0.75015,0.269923,0][0.240604,-2.46043,-0.175306][0.1564,-0.9811,-0.1139][0.739819,0.269923,0][-0,-2.48951,-0][-0,-1,-0][0.756502,0.267377,0][0.174656,-2.46043,-0.241076][0.1135,-0.9811,-0.1567][0.744392,0.269923,0][0.283002,-2.46043,-0.092374][0.1839,-0.9811,-0.0601][0.736879,0.269923,0][-0,-2.48951,-0][-0,-1,-0][0.756502,0.267377,0][0.240604,-2.46043,-0.175306][0.1564,-0.9811,-0.1139][0.739819,0.269923,0][0.297696,-2.46043,-0.000402][0.1935,-0.9811,-0.0003][0.73586,0.269923,0][-0,-2.48951,-0][-0,-1,-0][0.756502,0.267377,0][0.283002,-2.46043,-0.092374][0.184,-0.9811,-0.06][0.736879,0.269923,0][0.283248,-2.46043,0.09161][0.1841,-0.9811,0.0595][0.198885,0.262631,0][-0,-2.48951,-0][-0,-1,-0][0.218357,0.260086,0][0.297696,-2.46043,-0.000402][0.1935,-0.9811,-0.0003][0.197892,0.262631,0][0.241076,-2.46043,0.174656][0.1567,-0.9811,0.1135][0.201784,0.262631,0][-0,-2.48951,-0][-0,-1,-0][0.218357,0.260086,0][0.283248,-2.46043,0.09161][0.1841,-0.9811,0.0595][0.198885,0.262631,0][0.175306,-2.46043,0.240604][0.114,-0.9811,0.1564][0.206306,0.262631,0][-0,-2.48951,-0][-0,-1,-0][0.218357,0.260086,0][0.241076,-2.46043,0.174656][0.1567,-0.9811,0.1135][0.201784,0.262631,0][0.169912,2.45865,0.233202][0.1291,0.9757,0.1772][0.206677,0.693223,0][0,2.48951,0][-0,1,0.0001][0.218357,0.695924,0][0.089532,2.45865,0.274294][0.068,0.9757,0.2085][0.212202,0.693223,0][0.089532,2.45865,0.274294][0.068,0.9757,0.2085][0.212202,0.693223,0][0,2.48951,0][-0,1,-0][0.218357,0.695924,0][0,2.45865,0.288536][-0,0.9757,0.2193][0.218357,0.693223,0][-0,2.45865,-0.288534][-0,0.9757,-0.2192][0.756502,0.700514,0][0,2.48951,0][-0,1,-0][0.756502,0.703215,0][0.088792,2.45865,-0.274532][0.0676,0.9757,-0.2086][0.750345,0.700514,0][0.088792,2.45865,-0.274532][0.0676,0.9757,-0.2086][0.750345,0.700514,0][0,2.48951,0][-0,1,-0][0.756502,0.703215,0][0.169282,2.45865,-0.233658][0.1286,0.9757,-0.1775][0.744764,0.700514,0][0.169282,2.45865,-0.233658][0.1286,0.9757,-0.1775][0.744764,0.700514,0][0,2.48951,0][-0,1,-0][0.756502,0.703215,0][0.2332,2.45865,-0.16991][0.1772,0.9757,-0.1291][0.740332,0.700514,0][0.2332,2.45865,-0.16991][0.1772,0.9757,-0.1291][0.740332,0.700514,0][0,2.48951,0][-0,1,-0][0.756502,0.703215,0][0.274292,2.45865,-0.089532][0.2084,0.9757,-0.068][0.737483,0.700514,0][0.274292,2.45865,-0.089532][0.2084,0.9757,-0.068][0.737483,0.700514,0][0,2.48951,0][-0,1,-0][0.756502,0.703215,0][0.288534,2.45865,-0.000388][0.2192,0.9757,-0.0003][0.736495,0.700514,0][0.288534,2.45865,-0.000388][0.2193,0.9757,-0.0003][0.198522,0.693223,0][0,2.48951,0][-0,1,-0][0.218357,0.695924,0][0.274534,2.45865,0.088794][0.2086,0.9757,0.0675][0.199484,0.693223,0][0.274534,2.45865,0.088794][0.2086,0.9757,0.0675][0.199484,0.693223,0][0,2.48951,0][-0,1,-0][0.218357,0.695924,0][0.233658,2.45865,0.169282][0.1775,0.9757,0.1286][0.202294,0.693223,0][0.233658,2.45865,0.169282][0.1775,0.9757,0.1286][0.202294,0.693223,0][0,2.48951,0][-0,1,-0][0.218357,0.695924,0][0.169912,2.45865,0.233202][0.1291,0.9757,0.1772][0.206677,0.693223,0][1.14789,-0.016588,-1.58442][0.5841,0.0955,-0.8061][0.67691,0.483844,0][1.58132,-0.016588,-1.15216][0.8045,0.0955,-0.5862][0.646857,0.483844,0][1.59552,-0.407572,-1.1625][0.8082,-0.0046,-0.5889][0.645873,0.449619,0][1.59552,-0.407572,-1.1625][0.8082,-0.0046,-0.5889][0.645873,0.449619,0][1.15819,-0.407572,-1.59864][0.5867,-0.0046,-0.8098][0.676196,0.449619,0][1.14789,-0.016588,-1.58442][0.5841,0.0955,-0.8061][0.67691,0.483844,0][0.602096,-0.016588,-1.86159][0.3067,0.0955,-0.947][0.714754,0.483844,0][1.14789,-0.016588,-1.58442][0.584,0.0956,-0.8061][0.67691,0.483844,0][1.15819,-0.407572,-1.59864][0.5866,-0.0046,-0.8098][0.676196,0.449619,0][1.15819,-0.407572,-1.59864][0.5867,-0.0046,-0.8098][0.676196,0.449619,0][0.6075,-0.407572,-1.8783][0.3081,-0.0046,-0.9513][0.714379,0.449619,0][0.602096,-0.016588,-1.86159][0.3067,0.0955,-0.947][0.714754,0.483844,0][-0,-0.016588,-1.95655][-0,0.0955,-0.9954][0.756502,0.483844,0][0.602096,-0.016588,-1.86159][0.3066,0.0955,-0.947][0.714754,0.483844,0][0.6075,-0.407572,-1.8783][0.308,-0.0046,-0.9514][0.714379,0.449619,0][0.6075,-0.407572,-1.8783][0.308,-0.0046,-0.9514][0.714379,0.449619,0][-0,-0.407572,-1.97409][-0,-0.0046,-1][0.756502,0.449619,0][-0,-0.016588,-1.95655][0.0001,0.0955,-0.9954][0.756502,0.483844,0][0.607112,-0.016588,1.85997][0.3086,0.0955,0.9464][0.176621,0.476553,0][0,-0.016588,1.95655][0.0001,0.0955,0.9954][0.218357,0.476553,0][0,-0.407572,1.97409][-0,-0.0046,1][0.218357,0.442328,0][0,-0.407572,1.97409][-0,-0.0046,1][0.218357,0.442328,0][0.612556,-0.407572,1.87666][0.3099,-0.0046,0.9508][0.176247,0.442328,0][0.607112,-0.016588,1.85997][0.3085,0.0955,0.9464][0.176621,0.476553,0][1.15216,-0.016588,1.58132][0.5862,0.0955,0.8045][0.139151,0.476553,0][0.607112,-0.016588,1.85997][0.3086,0.0955,0.9464][0.176621,0.476553,0][0.612556,-0.407572,1.87666][0.31,-0.0046,0.9507][0.176247,0.442328,0][0.612556,-0.407572,1.87666][0.31,-0.0046,0.9507][0.176247,0.442328,0][1.1625,-0.407572,1.59552][0.5889,-0.0046,0.8082][0.13844,0.442328,0][1.15216,-0.016588,1.58132][0.5862,0.0955,0.8045][0.139151,0.476553,0][1.58442,-0.016588,1.14789][0.8061,0.0955,0.5841][0.109435,0.476553,0][1.15216,-0.016588,1.58132][0.5862,0.0955,0.8045][0.139151,0.476553,0][1.1625,-0.407572,1.59552][0.5889,-0.0046,0.8082][0.13844,0.442328,0][1.1625,-0.407572,1.59552][0.5889,-0.0046,0.8082][0.13844,0.442328,0][1.59864,-0.407572,1.15819][0.8098,-0.0046,0.5867][0.108458,0.442328,0][1.58442,-0.016588,1.14789][0.8061,0.0955,0.5841][0.109435,0.476553,0][1.86159,-0.016588,0.602096][0.9471,0.0955,0.3064][0.090381,0.476553,0][1.58442,-0.016588,1.14789][0.8061,0.0956,0.584][0.109435,0.476553,0][1.59864,-0.407572,1.15819][0.8098,-0.0046,0.5866][0.108458,0.442328,0][1.59864,-0.407572,1.15819][0.8098,-0.0046,0.5867][0.108458,0.442328,0][1.8783,-0.407572,0.6075][0.9515,-0.0046,0.3077][0.089232,0.442328,0][1.86159,-0.016588,0.602096][0.9471,0.0955,0.3064][0.090381,0.476553,0][1.95655,-0.016588,-0.002636][0.9954,0.0955,-0.0013][0.083853,0.476553,0][1.86159,-0.016588,0.602096][0.9471,0.0955,0.3063][0.090381,0.476553,0][1.8783,-0.407572,0.6075][0.9515,-0.0046,0.3077][0.089232,0.442328,0][1.8783,-0.407572,0.6075][0.9515,-0.0046,0.3077][0.089232,0.442328,0][1.97409,-0.407572,-0.002662][1,-0.0046,-0.0013][0.082647,0.442328,0][1.95655,-0.016588,-0.002636][0.9954,0.0955,-0.0013][0.083853,0.476553,0][1.85997,-0.016588,-0.607112][0.9463,0.0955,-0.3089][0.627536,0.483844,0][1.95655,-0.016588,-0.002636][0.9954,0.0955,-0.0014][0.62084,0.483844,0][1.97409,-0.407572,-0.002662][1,-0.0046,-0.0014][0.619623,0.449619,0][1.97409,-0.407572,-0.002662][1,-0.0046,-0.0014][0.619623,0.449619,0][1.87666,-0.407572,-0.612556][0.9506,-0.0046,-0.3102][0.626379,0.449619,0][1.85997,-0.016588,-0.607112][0.9463,0.0955,-0.3088][0.627536,0.483844,0][1.58132,-0.016588,-1.15216][0.8045,0.0955,-0.5862][0.646857,0.483844,0][1.85997,-0.016588,-0.607112][0.9463,0.0955,-0.3089][0.627536,0.483844,0][1.87666,-0.407572,-0.612556][0.9506,-0.0046,-0.3103][0.626379,0.449619,0][1.87666,-0.407572,-0.612556][0.9506,-0.0046,-0.3103][0.626379,0.449619,0][1.59552,-0.407572,-1.1625][0.8082,-0.0046,-0.5889][0.645873,0.449619,0][1.58132,-0.016588,-1.15216][0.8045,0.0955,-0.5862][0.646857,0.483844,0]